pickup_node,dropoff_node,manhattan_distance,taxi_duration,bus_duration,buses,unique_buses,bus_ride_distance,walking_distance
42446971,42456555,2005,480,1321,0,0,0,1585
42429657,42436377,2180,540,1260,1,1,1221,925
4597668040,5481907299,2078,480,1372,1,1,767,1279
42430384,3564892565,4943,1456,2885,2,2,1946,2528
42446959,4268635503,1611,700,1501,1,1,1331,1162
42444412,4890633718,2225,540,1615,1,1,717,1593
5159433792,1692433940,1265,513,1084,0,0,0,1300
3564892565,3463815151,4096,604,2200,1,1,1957,1700
4597668032,42432834,3328,480,2126,0,0,0,2551
42445896,5235625492,1075,315,557,1,1,296,526
4298757024,4276517126,1352,360,1061,0,0,0,1273
5235625493,42435657,741,193,431,1,1,1079,0
4960503203,42422056,6296,825,3899,2,2,4064,2728
5148103569,593886214,2564,429,1616,1,1,583,1660
3463815151,4676469048,5955,1286,3328,2,2,4464,1851
561042198,42430271,2032,477,1590,0,0,0,1908
4799735127,5985110737,2113,911,1526,1,1,1266,1224
2840192825,5481859787,1706,242,1240,1,1,744,1131
42435596,3775435272,2417,455,2035,1,1,583,2162
42438889,5341393941,4752,610,3056,2,2,3102,2179
805764995,42431168,4992,886,2971,2,2,2918,2164
42427327,42449076,2191,600,1632,1,1,588,1676
4332760711,1692433932,2570,345,1506,1,1,1661,1010
5799765148,42430265,3473,857,2731,2,2,3314,1686
3955360020,42430589,2721,780,2207,2,2,2476,1460
5152337885,42445947,6762,1440,3851,3,2,4229,2591
5813259901,42436377,2503,360,1883,0,0,0,2259
5235625493,3955360013,1324,1770,1206,1,1,296,1305
5475605301,3842788781,993,180,977,1,1,607,881
4207937591,5481886054,1473,476,916,1,1,626,798
42431508,4443775465,2375,480,1338,1,1,1513,880
3875000768,42455357,1719,400,1340,1,1,2209,547
596775882,2034011056,9202,1380,5364,2,2,3664,4678
42435610,42434357,1910,480,1094,1,1,696,978
3875119999,5135853010,7185,1380,4052,3,3,4027,2929
4234425030,42434087,2043,300,1272,0,0,0,1527
42436404,5812723036,2410,458,1764,0,0,0,2117
42428476,5296792743,1407,286,1189,1,1,566,1155
5812723035,4443775464,4703,660,2707,1,1,1379,2587
2716012371,4796291645,1260,296,748,1,1,723,550
4597668044,42430292,872,510,512,0,0,0,615
1918039935,3859048179,2031,656,1602,1,1,2760,597
42436748,3974095842,2257,660,1570,1,1,1407,1208
4115878742,3942050704,1847,540,1541,1,1,558,1581
5148088859,42455026,1278,285,821,1,1,1661,188
4784141039,5235625496,2173,660,1323,0,0,0,1588
42456568,42430317,1103,600,876,1,1,558,783
42430271,5730369215,2006,342,939,1,1,1150,575
5107733973,4555581031,3678,660,2783,2,2,2171,2297
42458267,4501889866,1408,360,1007,0,0,0,1209
42442943,42431453,3253,796,1895,1,1,767,1906
42435624,4259278554,2046,535,1875,2,2,1403,1577
42434145,4145434705,5046,803,3292,2,2,2748,2631
4742692789,1772104737,1407,240,854,0,0,0,1025
2477560555,42430265,2093,476,900,1,1,1810,211
42444051,42436371,5558,1491,3137,2,2,3736,1971
42433577,42433574,374,319,239,0,0,0,287
42437644,42452598,3052,518,1874,1,1,857,1838
42435657,3977886869,1436,242,897,1,1,1302,452
5481887476,4207937589,1604,540,1107,1,1,849,921
42444827,42429377,2699,724,1660,1,1,532,1737
4376122119,420591231,1644,540,1282,1,1,468,1313
4597668030,561042200,1434,158,861,0,0,0,1034
4886228960,3942050706,1218,240,870,1,1,468,819
42436088,3236324376,2178,383,1305,1,1,1880,664
42430259,42436109,2270,445,1254,1,1,1221,918
42435642,805764998,2258,310,1641,1,1,1280,1355
42430288,561042194,1053,240,1039,0,0,0,1247
42439968,5235625475,740,120,460,0,0,0,553
42435671,4488597394,1260,540,918,1,1,1376,441
3833309813,42437371,1776,323,1153,1,1,1376,723
42434145,42430274,2426,684,1622,2,1,1718,1121
3997461346,5851792229,2432,300,1498,1,1,721,1452
1514353072,593915303,1278,360,1151,0,0,0,1382
5481887475,3942050699,1399,540,830,1,1,468,771
4689113869,42456555,1990,240,1320,0,0,0,1584
3786901754,4621333640,3571,480,2169,1,1,1793,1742
4597668033,42435422,1178,727,785,1,1,296,799
4968494266,3957124188,3107,297,1908,1,1,735,1937
42430249,1751570231,4116,317,2693,1,1,718,2886
42430263,2723627039,3744,600,2411,0,0,0,2893
42440710,4234425050,1438,1740,913,1,1,583,816
42444964,42440820,4458,533,3045,1,1,1880,2751
5151970422,4375703335,225,78,217,0,0,0,261
5829907368,42430263,1968,420,1075,1,1,1810,421
42428464,42455200,1136,240,1081,0,0,0,1298
3584752524,42435910,2243,557,1916,1,1,1050,1795
1251605761,588592974,4323,1295,2705,1,1,735,2893
4903169925,5244228887,2611,480,1838,0,0,0,2206
3997454659,5240042138,173,720,237,0,0,0,285
1760567015,42437654,2204,960,1487,0,0,0,1785
3974095832,4685465959,3552,480,2218,1,1,654,2348
3875091642,42431453,1590,300,1314,0,0,0,1577
3944708047,4770628023,1152,420,723,0,0,0,868
4443775465,3977886214,2821,960,1913,2,2,2955,877
5829880527,4234425053,3374,1210,2003,1,1,1261,1798
593921872,3977886873,1429,300,1131,1,1,1266,750
3946500927,3833109158,402,300,463,0,0,0,555
4711654710,4205565517,2809,428,1992,1,1,857,1979
3314293721,4841945996,2518,603,1883,1,1,1098,1732
4747401775,5525929393,4161,530,2618,1,1,566,2869
2435108436,42445661,2057,480,1507,1,1,468,1584
2034609412,4276517110,5176,1320,3148,2,2,3682,2011
4625652075,4493840515,1498,409,1112,1,1,468,1110
42428491,4216045805,1422,240,947,0,0,0,1136
5413254261,42430277,1270,249,787,0,0,0,944
42430257,42427423,840,60,516,0,0,0,620
42430317,3463815148,1609,240,1222,1,1,1302,842
42440527,4890614478,1355,266,1022,0,0,0,1226
42437363,42448338,1785,300,1351,1,1,665,1302
42443680,3847026393,527,420,399,0,0,0,479
42429373,42439583,2391,794,1543,1,1,1686,1042
5244228884,42452001,1265,161,797,0,0,0,956
5538485407,42435663,1385,303,1098,0,0,0,1317
42430274,42442282,3107,361,1553,1,1,1810,995
42430680,246580076,2544,445,1576,0,0,0,1891
4578017557,2555136675,2160,660,1504,1,1,1407,1129
4796291645,5103334973,5224,960,3165,3,3,3407,2163
4741335326,100522734,7750,1426,4463,2,2,3664,3596
42444916,42436578,1797,540,1471,2,2,1096,1238
5481883674,2687645210,2537,1027,1644,1,1,717,1629
4443775465,4550600353,1679,328,822,1,1,1280,372
4235733234,4132605229,1256,120,788,0,0,0,946
42430241,42436575,1648,156,1001,1,1,718,857
42444414,3874653366,4547,660,3476,2,2,3247,2613
4207912629,4320194274,4094,960,2278,2,2,2032,1758
5730369217,4634276416,239,639,164,0,0,0,197
4234425033,42430292,1404,475,963,0,0,0,1155
42436779,2034011063,3415,420,2036,1,1,717,2099
4235738201,2895163400,5060,741,3121,1,1,635,3441
42442895,42434418,6147,807,3720,1,1,2849,3097
42457697,4298961520,2664,540,1816,1,1,898,1749
5416901181,5286255072,1500,240,983,1,1,1098,652
4763900908,42429842,5470,900,3452,1,1,2360,3010
3971302314,5151708184,6062,1527,3344,1,1,1810,3144
4320028808,596775907,5553,1312,3412,2,2,1186,3525
3573482144,42448811,1626,420,1201,0,0,0,1441
4631139783,4597668041,1529,276,1042,2,2,697,916
42428476,5215013216,4317,697,2825,3,2,2701,2093
42429664,1692433919,2907,720,1836,2,1,1357,1551
4960503208,3977886870,1605,431,1344,1,1,849,1205
3977886242,42445411,2443,1007,1792,0,0,0,2151
4755831440,42457721,1578,300,1420,1,1,1091,1180
4711654700,1633185362,1610,300,1239,1,1,1833,607
4216045836,42437082,1266,197,734,1,1,912,443
3875000770,42433620,2153,480,1778,1,1,1376,1473
1805328855,5235625475,7194,600,4267,3,3,3681,3353
3762705787,4741335333,1156,622,856,1,1,764,660
42442288,42440815,1527,285,940,0,0,0,1128
3009534483,3955360021,1824,436,1256,0,0,0,1507
4132605272,4117109189,2073,420,1314,1,1,583,1297
1773069828,5362205528,2289,480,1438,0,0,0,1726
3420766637,42428379,4005,939,2363,2,2,1871,1938
42453607,42443612,5322,840,4073,2,2,2799,3544
4143835707,42435610,5027,613,2934,2,2,2192,2469
42444051,42442898,1773,240,1253,1,1,1021,1013
42430277,348152928,3636,293,2629,0,0,0,3155
1773121031,4216045830,775,317,804,0,0,0,965
5783020910,4298757077,1464,240,874,1,1,912,611
42437663,4841945994,2893,480,1866,1,1,1917,1319
4115878742,4322008120,2430,528,1881,1,1,1407,1582
42430274,2704112725,1775,840,1115,1,1,826,942
2665380689,42439823,4437,300,2731,2,2,1522,2547
42428433,3627218179,2490,565,1358,1,1,1153,1075
42438674,42435642,737,240,763,0,0,0,915
2639531755,42454378,2641,840,1923,1,1,2002,1347
3971302313,4276525587,3196,1232,1984,1,1,1407,1706
3236082431,42437084,1939,360,1126,1,1,912,913
42453777,4298781037,3400,953,2218,2,2,2288,1563
42435420,5357086127,1879,420,1581,1,1,983,1426
42433611,3276524465,3198,755,1773,0,0,0,2127
5849918502,42443811,3262,686,2154,2,2,1122,2046
42434855,4375703337,1659,240,1145,0,0,0,1374
42435660,1745991210,948,240,782,0,0,0,938
4205565508,5784502859,1378,308,942,0,0,0,1131
3833309821,5007384481,1970,720,1280,1,1,826,1139
4207957613,4782442668,1134,352,1059,0,0,0,1271
3875091621,5829844677,1234,660,986,1,1,587,901
3463816118,42430589,3847,480,2384,1,1,1266,2253
4960503202,42430344,1494,1128,1054,0,0,0,1264
3564892572,1993431127,2470,434,2160,0,0,0,2592
42434951,2671114110,2312,454,1559,0,0,0,1871
42436400,805764998,5172,600,2927,1,1,1221,2926
42446528,4234425025,2116,402,1310,1,1,583,1292
3971302311,1760566994,2204,622,1614,1,1,1985,984
3627218178,42437096,1282,615,1231,1,1,566,1205
3955360017,42434800,1621,338,1061,0,0,0,1274
42446935,3977886246,2083,631,1649,0,0,0,1979
4555838659,4234425028,1656,300,1174,0,0,0,1409
4597668026,42442898,1280,240,1059,1,1,583,992
42436069,5815643351,1324,278,993,0,0,0,1191
4763882045,387185037,1443,360,955,0,0,0,1146
42447249,42456583,1356,300,1008,1,1,717,866
3944708053,5815643352,7886,1069,4746,2,2,2890,4308
42444049,5235625496,1777,1380,1438,1,1,1168,1166
42429830,3977886231,7639,951,4483,1,1,2947,3965
4960527243,3971302314,497,240,307,1,1,716,24
3942050706,42445888,1646,420,948,1,1,558,870
5161079143,5235583558,4764,1140,3210,2,2,2029,2878
4216045853,4597668039,1646,420,1388,1,1,735,1312
42435654,4557517552,2547,720,1579,1,1,654,1581
3839412209,42440323,1340,540,1248,0,0,0,1498
3004844987,42430034,3570,735,2969,2,2,2605,2312
3212472811,5147808597,1758,180,1189,1,1,1563,677
4276517106,4493840519,1120,300,839,0,0,0,1007
42436381,1773084392,1851,540,1291,1,1,587,1267
4019254385,2564031178,2625,600,1702,0,0,0,2043
42439275,5509380206,1352,480,1224,0,0,0,1469
42435599,2823833550,1174,300,1152,1,1,744,1025
42435646,4597668039,2073,600,1573,2,2,1121,1349
5155816417,5829907363,914,302,861,0,0,0,1033
42436582,42428411,4395,780,2330,1,1,2947,1382
42429562,4234425012,6100,1200,3543,1,1,2947,2837
5244228882,3314293707,2742,859,1833,1,1,1098,1672
42435645,4625652074,1247,480,1060,1,1,468,1047
42436374,42435646,3913,540,2260,1,1,1379,2050
42445534,2324482260,1177,274,925,1,1,549,847
4166338962,1751440889,1498,420,1074,1,1,1954,351
2823833446,5851709098,2656,204,1668,0,0,0,2002
5783022062,588455740,1017,152,671,1,1,650,493
42455867,42437540,4260,600,2736,0,0,0,3283
42427786,42430249,2017,360,1332,1,1,718,1253
4320194254,42430857,397,60,382,0,0,0,458
4216045805,5481937335,969,352,989,0,0,0,1186
4685453642,42449570,2066,546,1490,1,1,588,1505
5413254263,42427249,4163,1079,2870,2,2,1808,2576
596775882,5266421747,3592,446,2460,1,1,583,2673
4205565526,3857368436,749,120,470,0,0,0,564
1514353072,42444051,1943,526,1858,1,1,1797,1367
42430646,3955360021,2383,1500,1645,1,1,468,1749
4205565530,5263790014,464,120,341,0,0,0,409
42430646,4555501892,1837,480,1536,0,0,0,1844
1279337144,4557517554,4203,777,2795,2,2,3247,1795
4872626639,3252586222,2592,688,1976,2,2,1602,1603
42431519,42436947,2271,803,2014,1,1,549,2153
4158814314,42434201,2331,480,1562,0,0,0,1874
42433625,3254626250,1232,180,737,0,0,0,885
4310400299,3463814538,1181,551,1040,0,0,0,1248
1289222429,42428460,3733,540,2440,2,2,1141,2380
805765088,42434946,1615,665,973,0,0,0,1167
42444414,42434800,5942,1200,3679,1,1,2760,3090
3977886226,3942050707,714,120,413,0,0,0,495
42444832,42439842,3408,1020,2383,2,1,1718,2035
4207957613,42430249,2972,620,1775,2,2,2069,1136
3573482109,42430282,3276,1440,2087,1,1,3347,897
4234425042,3977886186,2444,540,1534,0,0,0,1841
4234578190,42427371,1363,240,966,2,2,1250,559
3874589908,3955360015,3310,780,2373,1,1,857,2436
42453406,42439096,2918,480,2122,0,0,0,2547
4546109658,3944708044,1229,420,1163,0,0,0,1396
42437654,5244228888,2238,510,1541,1,1,1154,1296
42446701,596775867,1792,360,1321,0,0,0,1585
5538485407,4960516273,2709,1047,1997,1,1,468,2172
2723627045,2824895141,8886,1589,5370,4,4,4692,4192
3670742482,42434807,1639,329,1249,1,1,983,1027
5481887476,42437654,991,360,884,1,1,1079,542
42440951,42429373,4569,817,2762,1,1,558,3046
5235625492,42445417,2288,660,1361,1,1,296,1491
2165157811,246648107,4244,1620,2974,3,3,1867,2672
42436326,3971196623,6981,744,3920,1,1,2422,3541
2384399598,42446971,1320,570,1111,1,1,1021,843
3859048179,589100164,2073,420,1291,1,1,826,1152
42432818,5813259903,8880,1320,5299,3,3,3325,4763
1692433915,42429830,2023,660,1394,0,0,0,1673
4236104523,42421877,1117,240,750,1,1,532,645
1773084413,42440323,2016,550,1140,1,1,566,1096
42444985,3627218173,3157,796,2329,2,2,2359,1662
4115968602,3977886858,2745,801,2115,1,1,1111,2004
4597668043,42430338,1366,537,956,1,1,1407,471
42439096,401875397,5761,795,3880,2,2,1313,4025
3762705813,5837174092,873,239,759,0,0,0,911
42449576,4320194279,1066,195,1076,0,0,0,1292
3875120004,4443775465,1144,240,677,1,1,654,498
42445896,3977886236,2343,360,1410,0,0,0,1692
42456543,4298773012,1592,360,1031,0,0,0,1237
42429377,5244228883,338,144,261,0,0,0,313
42434205,42446935,2565,360,1748,1,1,2598,851
5413254263,3857334399,2008,771,1261,0,0,0,1513
3308681106,42445888,2430,900,1729,1,1,1407,1399
4782404427,4782442659,2740,544,1704,1,1,607,1754
4206998243,5708140036,420,131,369,0,0,0,443
5829779488,4129804731,2017,360,1395,0,0,0,1674
1291420907,42428183,2582,840,1756,0,0,0,2108
2376384477,42431519,2362,900,1775,1,1,768,1761
42435657,1751440888,807,459,784,0,0,0,940
3670742472,42434951,2089,360,1186,1,1,583,1144
42449945,5651033419,1923,300,1035,1,1,468,1018
3601295731,1773084407,2127,325,1463,1,1,566,1484
42442276,42435581,1684,360,1259,1,1,588,1228
3914863406,4443775464,1053,271,1121,0,0,0,1346
4322008119,42435470,5568,1620,3650,2,2,4355,2290
4207150080,2572245396,898,420,693,0,0,0,832
5235625493,5266421745,2166,540,1537,2,2,1280,1230
5296792749,42432679,3140,579,2111,0,0,0,2533
5780135038,1253070812,2688,540,1585,1,1,587,1621
3826754271,5319114463,971,193,697,1,1,1329,199
42434087,42431556,2255,615,1500,1,1,1111,1266
42445382,5159453779,4400,780,2800,1,1,2360,2228
42440340,1828749428,7902,1127,4819,3,3,4027,3849
42430259,42445947,4622,600,2749,2,1,1191,2727
465132521,42454401,2839,540,2219,0,0,0,2663
3009534488,42432085,3183,936,2065,1,1,2760,1153
42439842,5244228881,2008,240,1247,0,0,0,1497
42435650,4597668029,1979,480,1494,1,1,721,1447
596775919,5159452346,6173,1560,3854,1,1,2360,3492
42445505,4685462242,2291,660,1336,1,1,588,1320
42438889,42434946,1732,660,1230,1,1,1833,596
2792781448,42429374,5497,1495,3296,2,1,1191,3383
42431611,42446521,3412,700,2091,0,0,0,2509
42427427,42429900,2138,360,1210,1,1,826,1055
42438674,5858721092,1724,360,1204,1,1,654,1130
42430811,3670742439,1005,300,926,0,0,0,1111
3944708033,805764974,594,720,580,0,0,0,696
2985573626,1758008333,2822,600,1686,1,1,654,1709
42444960,4205565523,1476,153,1173,0,0,0,1408
4236104524,5243716994,802,299,602,0,0,0,722
3985008869,4143835689,4855,814,2956,2,2,1889,2640
42432246,42446547,2703,1020,1869,1,1,1563,1492
2840192831,42430320,2158,504,1520,1,1,2007,861
42430603,3463815151,2784,228,1657,1,1,1266,1380
5475605298,5829844680,5601,1188,3204,1,1,2947,2430
3817756011,42436064,4691,780,2737,2,2,3249,1724
42428223,42434412,5972,976,3425,2,2,2527,2897
1659428536,5815643269,1069,600,866,0,0,0,1040
42429888,2714921385,2561,600,1681,1,1,628,1716
4132605270,4376122101,1989,244,1334,1,1,2360,468
4443775465,42444049,1980,545,1501,2,2,1823,927
4298781038,4132605272,1272,523,1144,0,0,0,1372
42439955,42449954,1620,404,1344,1,1,1797,751
3875091621,5458544540,1744,600,1538,1,1,650,1533
42436400,42435596,868,300,575,0,0,0,690
3977886198,1514352962,2733,673,2097,1,1,2301,1412
42437084,42430603,4985,1290,3242,2,2,3911,2013
4235738198,42430338,3294,1198,2441,2,2,3201,1393
4634753634,4234425055,2719,813,2302,2,2,1403,2088
1692433919,4625653597,4168,900,2598,2,2,1141,2570
719516045,3790180110,5066,1304,3218,3,3,2636,2596
348152933,4782363328,2323,1046,2200,1,1,1266,2032
42430235,42428411,2180,300,1699,0,0,0,2038
4205565490,42435422,2454,720,1911,2,2,1280,1679
42434270,42432156,2852,540,2025,1,1,1810,1562
42445888,2183010557,6595,745,3929,2,2,3664,2956
5784518537,3977886253,5270,2046,3385,1,1,1793,3201
4782506031,3932847295,1929,720,1622,1,1,849,1539
42452973,4550867479,1589,1320,1245,1,1,1833,614
42436407,42436942,2112,464,1517,2,2,1034,1324
42429918,42435657,3064,960,1849,2,2,2202,1161
4117109189,4016646249,708,323,533,0,0,0,640
42430350,5851792229,1764,480,1521,1,1,626,1525
42431151,2714805487,4085,747,2888,3,3,2636,2200
4259273041,4493840520,1041,360,941,0,0,0,1130
42442078,42436784,1460,677,1005,1,1,588,923
42431453,42440353,4548,720,2823,1,1,566,3116
42430861,42434821,2696,900,1795,1,1,1415,1475
42435660,2709703008,1193,780,887,1,1,849,657
5152337879,3875120004,4482,1080,3324,2,2,4724,1722
42429394,42442273,2245,840,1536,1,1,588,1561
42436427,4872879376,3027,420,2178,1,1,1379,1952
5215013210,42454642,2870,600,2120,0,0,0,2544
42439823,42439527,1738,335,1284,1,1,1379,879
593915310,42443671,2685,709,2110,1,1,1150,1980
3977886255,42445404,2598,889,1496,1,1,558,1527
42430691,3584752497,3990,1049,2873,2,2,2696,2154
42430550,2714805487,6769,1380,3939,1,1,2947,3312
3686061923,3522432774,2215,625,1896,2,1,1430,1589
42453952,42430295,5702,600,3229,2,2,2527,2662
390519635,42439836,1651,540,1003,0,0,0,1204
42429373,42433577,1856,1140,1221,0,0,0,1465
5178688284,4560056043,4763,891,2735,1,1,2422,2119
4015192928,42436942,4316,540,2750,0,0,0,3300
42427423,3875091626,2232,480,1646,1,1,983,1504
5035490054,5402554392,8593,1260,4971,4,4,4692,3713
3977886237,1758380526,841,369,772,0,0,0,926
42445926,42437914,3329,600,2446,2,2,1122,2396
4207957613,4782363334,1013,133,769,0,0,0,923
4207938835,5916783970,1486,840,1300,1,1,665,1240
42428546,5008036416,1049,240,698,0,0,0,838
42429373,5805243783,2066,540,1521,1,1,1686,1017
5545401595,5846916772,2417,425,1669,1,1,857,1591
3847026393,42432073,3198,900,2540,1,1,4060,1099
42439272,42429412,1590,420,1343,0,0,0,1611
1289222390,4747401774,3158,900,2013,2,2,1990,1460
4488597394,3977886190,2145,420,1664,1,1,1833,1117
5402554392,5178688282,1579,773,1432,0,0,0,1718
42429362,3977886196,8269,1440,4958,2,2,3664,4191
42443804,42439842,2040,484,1539,1,1,468,1623
42442291,42435650,4632,1300,2560,1,1,1379,2410
42431154,42430004,3117,780,2467,1,1,1379,2298
5481859786,5357196526,1759,511,1573,1,1,1661,1090
4143824668,3977886199,8735,1680,5200,2,2,3664,4481
42429412,42430796,1245,711,961,0,0,0,1154
42435578,3786901747,2900,574,2050,1,1,857,2049
3973686163,42443975,3625,780,2734,2,2,4342,1196
1692433927,4115968597,2814,540,1777,1,1,1261,1527
4890623901,42439275,2677,978,1721,1,1,1379,1403
42449308,42445417,1067,421,749,0,0,0,898
2034011067,3955360015,8321,992,4909,2,2,3664,4132
42433574,4634753632,2523,1020,1840,1,1,2314,1097
5152337872,5481937327,1265,300,1111,1,1,587,1052
42436510,3060682047,1167,360,1031,1,1,1331,598
3977886867,5243723093,3511,767,2738,1,1,2993,1849
42436122,42429664,1615,360,1292,1,1,768,1182
5235625493,5266429279,1688,449,979,2,2,697,840
4202984491,4486628750,5350,1140,3273,1,1,2360,2795
42442947,42437346,4236,720,3002,1,1,735,3250
5022414759,42432847,2246,720,1580,1,1,1381,1233
3842775636,5481859789,1754,480,1440,1,1,1168,1168
42430257,42430352,3477,180,2112,0,0,0,2534
42431549,2435108464,922,120,606,0,0,0,727
596775882,4707468269,1631,925,1310,1,1,468,1347
42430938,42435657,4452,900,2917,2,2,3167,1980
3314293720,5243701466,1057,360,915,0,0,0,1098
3997461343,42435422,1523,474,1060,1,1,296,1130
42442948,42448317,1094,353,1124,1,1,1835,468
4841945996,42439836,1201,120,726,1,1,718,526
4298764919,5384908886,5115,608,3191,1,1,1563,3079
3786901747,3875091626,2172,442,1899,1,1,583,1999
5235625493,247798318,1107,480,740,1,1,296,746
4500033338,42435650,2607,1615,2202,2,2,1704,1824
3314293708,4320028814,2618,903,1759,0,0,0,2111
42428283,42428258,494,75,341,0,0,0,410
42430118,4872623868,3265,480,2238,1,1,1880,1783
42432201,42446533,1465,438,1063,1,1,532,1020
4115878739,4597668029,446,240,273,0,0,0,327
42436139,4320194260,688,233,569,1,1,502,441
42439834,4754110659,2850,480,2092,1,1,1810,1641
42440951,42430320,1885,660,1255,1,1,468,1282
1692433932,4601466495,1725,445,1184,1,1,588,1138
42434140,3829872815,4128,600,2515,2,2,2560,1789
3971302311,5475605301,259,1215,181,0,0,0,217
1773063787,42454994,2717,326,1832,1,1,1563,1448
42427371,4782506031,3129,180,1968,0,0,0,2362
42446552,42452598,2510,660,1728,1,1,532,1818
42433611,2918696405,1387,240,1173,1,1,296,1265
42434871,1762438249,6438,1663,3686,1,1,2422,3261
4782363331,5846916775,985,686,1064,0,0,0,1277
42439530,4960527243,6581,1044,3679,3,2,3001,2974
4207912627,42434954,714,153,614,1,1,767,369
3875091626,42442943,3627,288,2261,1,1,1021,2223
5235625475,42456492,5627,804,3460,3,3,3681,2384
42446933,3584752524,2788,488,1580,1,1,1261,1290
42430886,5244228887,1342,255,830,1,1,532,740
4676426947,5829844678,4731,1099,2652,1,1,2947,1768
42431453,2840192831,2950,695,1694,1,1,1441,1341
4598752852,42435598,3628,780,2217,1,1,1098,2134
42454758,4205565530,1717,234,1059,1,1,1513,545
42430344,42452026,5620,1359,3226,1,1,1810,3003
42439280,42429375,882,180,489,1,1,501,347
42427374,4320105472,1495,240,927,1,1,718,767
42435422,42445404,1030,300,659,1,1,296,648
42439275,42430247,601,272,637,0,0,0,765
3569749103,42430317,1735,1281,1343,1,1,468,1387
4207913307,3955360025,1506,1620,1370,1,1,468,1419
42439440,42430338,1290,180,878,1,1,296,911
5542715073,2435108462,1262,504,1124,1,1,1266,741
3507753872,42427369,2251,360,1407,1,1,546,1426
42439345,4707407258,5160,1973,2881,2,2,2034,2480
1745991210,4631139784,1973,811,1226,0,0,0,1471
42445961,42436055,8546,1440,4729,3,3,4042,3735
4016646249,5481907462,5381,1380,3120,2,2,3372,2126
5266429281,5684427050,1222,360,770,0,0,0,924
42448693,4302910549,1927,360,1030,1,1,1261,631
42430317,596775867,1487,318,1153,1,1,468,1159
42435654,3971302315,1960,738,1204,2,2,1291,825
42439836,42439836,3,24,0,0,0,0,0
4755898678,4601466495,2243,900,1331,1,1,501,1357
42438674,4205565530,1194,480,783,1,1,1150,387
4207957613,4782442668,1164,176,1059,0,0,0,1271
5481855556,42435632,1027,744,932,0,0,0,1118
42432444,42437654,1177,420,1265,1,1,468,1294
42443614,42438379,3521,960,2800,2,2,1468,2656
42435470,2348991689,1438,0,1021,0,0,0,1225
42428223,1752946328,1690,1073,1123,1,1,849,940
3252586225,5244228880,2948,597,1795,1,1,718,1809
42435599,42446266,1765,347,1603,1,1,583,1644
3875091626,42452975,4189,3345,2995,2,2,2134,2569
42435654,42456568,1909,457,1172,1,1,1376,745
42436355,42445310,3002,600,1897,1,1,1880,1373
4578017553,42439826,2803,591,1701,1,1,857,1630
3009534478,4578017555,1521,431,1119,1,1,849,936
3977886868,3944708045,1012,323,667,0,0,0,800
4376122118,5244251221,2596,540,2067,1,1,696,2147
42428179,4782543129,2824,502,2083,1,1,2002,1538
42442898,4320028832,2878,434,1804,2,2,1545,1423
595106176,4493840518,2081,600,1349,1,1,546,1356
3859048179,5165644105,2439,1116,1524,1,1,1150,1276
42435644,4207957614,1254,502,790,1,1,626,647
4216045838,42431556,4297,1920,3596,1,1,2993,2879
4202984494,3944708046,5017,240,2966,2,2,3505,1877
4784141042,4375703340,5014,1354,2805,2,2,3372,1747
4903169922,5130936740,1300,300,946,0,0,0,1136
42440350,4016646232,8222,2760,5070,2,2,3767,4276
42431544,1762449346,1062,366,790,1,1,665,629
5607992553,1511873348,1462,180,1248,0,0,0,1498
42429374,5858721092,2991,797,1913,2,2,1351,1647
4707484298,4711654710,787,219,772,0,0,0,926
42454433,3976829276,2558,578,1817,1,1,1797,1318
1692433939,3875120003,3968,742,2521,2,2,2069,2032
42430279,42430378,3146,423,1929,0,0,0,2314
42459085,1919595918,4901,1140,2842,1,1,1261,2806
42437654,4298757044,2738,578,2015,2,2,1280,1803
3783071112,5837174092,2396,720,1884,2,2,2110,1248
596775935,5148088862,3866,1200,2320,2,1,1281,2169
5340982006,5345057743,7943,699,4679,2,2,3664,3856
5696984871,42427951,7128,678,4355,1,1,2849,3859
42439440,42430390,2983,667,1708,1,1,665,1731
42429661,5022965056,3320,1162,2410,2,2,3314,1301
42445310,3875091622,3907,540,2431,3,2,2869,1539
5730369215,3833309811,1683,420,1056,1,1,2007,303
2792781447,1251382547,401,128,334,0,0,0,401
5829880518,3314293707,1761,600,1168,0,0,0,1402
5651033419,3786901754,1635,480,948,1,1,468,914
42431165,42454042,4466,915,3329,2,2,5439,1384
4776041123,42445484,1733,660,1225,0,0,0,1470
4754110663,4207806921,1040,216,933,0,0,0,1119
4796291639,42445926,1402,1130,875,1,1,723,703
42442107,42435610,4795,876,3103,2,2,2746,2406
42432161,4892579965,1159,214,763,0,0,0,915
42431168,4302910549,1287,287,816,0,0,0,979
3670742484,5307048044,643,180,420,0,0,0,504
5812723035,4616536350,1206,300,939,0,0,0,1127
3977886190,4147546533,9241,600,5588,1,1,2360,5573
5216346765,5829927770,2677,540,1837,1,1,735,1851
5829779494,5243723093,1633,240,1047,1,1,566,985
42435660,42439527,4549,960,2524,2,2,3161,1511
42429661,4782442659,3992,1528,2532,2,2,2654,1765
5228410330,3977886191,9105,983,5418,1,1,2360,5369
4375703340,42446521,1005,383,818,0,0,0,981
42442902,5266429279,880,180,797,0,0,0,956
4132605270,42442943,2406,480,1514,1,1,767,1449
42454742,42429701,837,427,678,0,0,0,813
42428471,3762702429,3502,720,2295,1,1,735,2401
42439345,3683163348,3560,681,2107,1,1,1504,1807
42427390,4782404423,3411,432,2034,2,2,2025,1468
4597668038,42456568,1307,240,796,0,0,0,955
4347534786,42434959,2326,540,1672,1,1,1835,1125
4618691811,4755831435,1465,360,1048,0,0,0,1257
42454758,2103787765,4422,570,3173,1,1,1762,2962
427851451,3955360017,1675,361,1403,1,1,468,1458
4207683794,5829827216,2894,796,2033,1,1,1261,1835
42430600,42434145,4309,540,2499,3,2,2869,1621
42443975,4872626650,2711,300,1669,0,0,0,2002
42436374,5829927772,1331,453,865,0,0,0,1038
1514353072,3977886249,2742,540,2119,1,1,468,2318
5152337886,4207000393,2868,600,1870,1,1,717,1899
5829779488,42435422,2958,600,2314,2,2,3644,1027
42430265,42442255,2399,780,1769,1,1,1810,1254
5020830713,3903014639,2347,629,1626,1,1,1407,1275
5307048044,42435456,3165,829,1950,1,1,1153,1786
42435598,42445885,1603,738,1524,1,1,696,1494
42428436,42458010,3962,1080,2255,2,1,2052,1720
42446945,3971302314,1605,801,1526,1,1,607,1540
2840192831,42453327,3371,1560,2178,2,1,1357,1963
2821304137,4676427536,6786,600,3983,1,1,2947,3364
42443561,5122551883,1714,275,1076,0,0,0,1292
5772387839,3859048179,1291,180,808,0,0,0,969
5916783970,3971196633,1430,360,1121,0,0,0,1345
42430390,3977886233,615,305,709,1,1,723,504
42440456,3944708051,530,163,523,0,0,0,628
4207815979,42430274,2763,960,1746,1,1,2679,810
42431805,4143824664,3592,694,2485,2,2,2013,2016
42439280,4578212490,1419,387,1000,1,1,434,991
5815643268,4145794851,2136,420,1365,1,1,1762,792
3977886197,3932923797,1207,531,1119,0,0,0,1342
5889481211,4597668041,2729,464,1897,2,2,2549,1052
5235625496,5235625493,72,55,45,0,0,0,55
42430828,4886404633,2447,420,1364,1,1,1098,1110
4241748518,42453175,501,120,438,0,0,0,526
5799605399,42436431,3514,840,2513,1,1,1379,2354
5357542231,42445947,9204,966,5413,4,3,4946,4122
42427423,1692433928,2296,480,1270,1,1,1810,655
42428272,5849918502,2024,317,1331,1,1,857,1186
348152927,3573482110,6625,1300,4169,3,2,4229,2972
42445888,5215015525,6100,971,3828,2,2,3682,2827
3573482142,4207913307,1434,278,1091,1,1,626,1009
3009534478,5377706595,4216,509,2984,1,1,4852,1252
42439842,4707482485,854,173,605,1,1,296,583
42436369,4443775465,3558,900,1788,1,1,1379,1484
2555136675,42446902,1886,563,1177,1,1,718,1067
4132605273,42454673,1542,420,1002,0,0,0,1203
5481866330,42434085,5196,900,3056,1,1,1261,3062
1514353072,4143835698,6291,1082,4121,2,2,2192,3893
1773076509,4216045805,1706,498,1270,1,1,912,1086
42442870,4234425026,1662,300,1113,1,1,1862,442
3670742451,3973686162,763,540,663,0,0,0,796
3944708059,2823299575,4112,900,2515,2,2,2370,1880
42432444,42429412,3689,1080,2812,3,3,2917,1974
5829847189,42430378,5811,1500,3513,2,2,4355,2125
42430938,4493840514,3042,647,2363,1,1,964,2373
42436753,42432201,2439,600,1644,2,2,1545,1231
42459436,247072101,3092,360,2085,2,2,3029,1048
42449021,42430259,2142,420,1460,1,1,532,1497
42435578,4784141035,4928,657,2760,1,1,1957,2373
42421941,42436024,2378,458,1830,1,1,1366,1540
5200192560,42445357,1627,420,1387,1,1,1762,819
4320194252,42435657,3147,420,1618,2,2,2069,948
42446701,4347535690,2907,660,1779,1,1,723,1787
42433611,4332760695,1584,360,1211,1,1,296,1311
1701898716,42439078,1632,240,1283,1,1,1379,877
4320194262,4236104521,1492,353,945,1,1,532,879
5481856935,42427374,1460,360,1411,1,1,1578,936
4676427188,2151385472,5784,1047,3481,1,1,2947,2762
42427369,4960516271,2542,1080,1610,0,0,0,1933
3564892569,1752946328,3248,1620,2063,1,1,654,2161
2324482248,42429562,3514,877,2378,1,1,650,2542
4486628750,4234425034,1288,109,841,0,0,0,1009
100521835,3875000770,2740,600,1703,1,1,583,1764
561042192,42430688,2931,960,1932,1,1,626,2018
42452040,529555931,1846,480,1392,1,1,588,1387
3314293708,5799037570,1246,680,850,0,0,0,1020
42428220,4268635489,3486,1440,2355,1,1,723,2479
42435702,4493840519,1977,458,1322,1,1,2382,443
2639531766,1332501227,824,480,742,0,0,0,891
42430550,4443775465,4878,780,2965,2,2,2029,2584
3977886860,2714921451,1591,244,969,1,1,607,871
5152337873,4206998260,3401,466,2139,0,0,0,2567
42439996,561042194,1511,240,1287,1,1,468,1320
42449600,5215013211,933,314,818,0,0,0,982
246580076,5254361544,2762,960,2244,2,2,2554,1467
3837215730,42436748,2579,686,1671,1,1,1132,1462
42432818,42437644,2457,362,1537,0,0,0,1845
4205565514,4597668044,2008,506,1654,1,1,857,1573
4707468278,3875000768,1900,612,1475,0,0,0,1770
42443671,5542715074,3015,933,2191,1,1,1376,1969
4968494266,42437951,1918,420,1245,1,1,1098,967
42451674,42455007,2661,763,2002,1,1,1790,1543
42427371,5319114464,3366,1217,2173,1,1,1313,1977
42454997,2358967543,3508,1320,3247,2,2,4209,1876
42424408,42430329,5578,669,2989,1,1,2422,2424
42430550,3971302312,7536,1412,4410,1,1,1810,4423
42442933,4755831438,5067,960,2698,2,2,3714,1455
42435644,1692433939,3099,1157,1974,1,1,1415,1689
5849918504,4604294525,1047,286,1016,0,0,0,1219
42434205,42435598,2836,900,1772,1,1,532,1871
5721338583,4770624020,1628,746,1083,0,0,0,1300
5812713653,42428444,2087,780,1431,1,1,735,1365
1745991208,4207815979,1953,1020,1168,1,1,607,1110
42435645,5244228888,2205,532,1654,1,1,696,1650
1289222429,4136179170,1240,540,880,0,0,0,1056
42449961,596775907,505,2880,467,0,0,0,560
4544006773,42436393,2863,420,1710,1,1,588,1769
42440532,5481897724,3671,523,2045,1,1,1221,1868
1751440889,5266098185,1710,899,1489,1,1,1833,907
4207150077,42435645,5367,1584,3452,2,2,2029,3168
42430607,42427374,1847,304,1189,1,1,1150,874
4890621099,4015192929,1561,420,1232,1,1,717,1134
42437686,2435108461,1571,1140,1223,1,1,849,1060
5854325127,42430265,2543,426,1863,2,2,1817,1363
5235625496,42446986,1998,1284,1571,1,1,1168,1324
1701921025,5780152920,1994,441,1136,1,1,532,1107
42436393,593886253,4625,720,2664,2,2,2535,1980
5143758609,42436431,1642,180,1052,0,0,0,1262
42436779,5333821403,5101,660,2811,2,2,2028,2399
4207978589,2351527466,1491,300,1176,1,1,626,1110
42443561,42435680,516,180,492,0,0,0,591
4161568334,5145546769,695,180,704,0,0,0,844
1760566994,42449067,3602,840,2618,2,2,4130,1159
42437644,4298781037,2707,902,1979,2,2,1522,1644
3875091632,3874653361,3550,699,2039,1,1,1441,1755
4234425036,42434087,1451,600,880,0,0,0,1056
4207915681,42432075,4652,967,3255,1,1,4060,1957
42431154,42439581,2814,749,2109,1,1,1379,1869
4598752853,42427423,2931,360,2083,1,1,2760,1174
42431802,42430271,2014,397,809,1,1,1221,385
42429661,5780020553,2177,480,1472,2,2,1250,1166
42434271,42432700,2524,360,1254,1,1,654,1190
4234425051,3977886858,2771,1020,2070,1,1,1111,1950
5235625493,4235738201,2675,557,2006,2,2,2490,1212
4443775464,3932847283,2513,526,1642,1,1,546,1708
3859048179,4296710219,1705,360,1115,1,1,400,1146
42436364,42446521,1944,637,1236,1,1,612,1189
42436149,42453005,3894,1200,2623,2,2,1764,2301
3308681107,3463817009,178,1386,83,0,0,0,99
42436308,1919595919,1393,394,1135,1,1,735,1009
42427381,3955360023,2760,1118,1798,2,2,1122,1619
42434800,42435654,1591,300,1089,1,1,1376,646
42449948,4347534770,1397,900,1197,1,1,1835,556
3842788779,1514353058,1618,1056,1411,1,1,468,1469
5849926991,5204214357,3130,480,1916,1,1,1379,1637
1762438252,4782506031,441,300,294,0,0,0,353
4443775464,42453773,4305,836,2613,1,1,1379,2474
5135853010,42430115,1026,120,584,1,1,717,356
42449945,4707484298,1159,1360,1203,1,1,468,1219
5256074550,42429394,1586,553,1587,1,1,696,1571
4597668028,4493840501,1107,300,973,1,1,400,975
3874650237,5829779519,3414,698,1938,2,2,1599,1558
42428183,42430274,702,300,600,0,0,0,720
2435108454,42443807,1379,300,1032,0,0,0,1239
5829779488,3875120007,3622,938,2914,2,2,3161,1979
3977886248,42434946,1956,720,1207,0,0,0,1448
42445885,4016646235,2661,1229,1661,1,1,1407,1318
42453604,42438547,3347,798,2401,1,1,2760,1557
42437078,42430259,3052,1402,2194,1,1,1098,2106
5235625496,4202958491,1607,546,1195,1,1,468,1209
4597668043,4631139784,1322,480,838,1,1,296,863
4207957614,42435663,567,60,527,0,0,0,632
42446959,42438889,791,270,466,0,0,0,560
5235625493,593921872,1507,597,1066,1,1,1079,761
42430241,2792781447,5790,1590,3116,3,2,1910,2823
42434087,2351532375,2334,420,1455,0,0,0,1746
4960516269,5889481211,2013,5662,1494,1,1,468,1568
3875091648,3830786441,1109,502,993,0,0,0,1192
42445656,1861822461,1126,630,940,1,1,546,865
3584752516,5227014112,2987,480,1790,1,1,1261,1543
4376122113,42439823,1903,553,1246,0,0,0,1495
4597668042,4597668039,408,60,271,0,0,0,325
4205565512,42422056,5382,754,3239,2,2,3664,2127
4631139784,3564892573,1741,480,1342,0,0,0,1611
42438889,5846916772,1538,673,1253,1,1,2301,399
42431508,42454642,915,100,707,0,0,0,849
3929041613,3420766634,2706,298,1683,0,0,0,2020
3639382769,5784518530,4061,900,2467,1,1,2360,1827
4714254172,4235738199,2151,466,1770,1,1,2193,1071
1511873346,4207913307,1962,675,1409,1,1,626,1390
4207957613,3944708039,1267,360,1011,1,1,468,989
593915213,4207815981,2064,289,1372,1,1,1266,1039
42437654,4207683798,2204,1204,1382,2,2,1123,1119
4598752863,4301088412,962,292,968,0,0,0,1161
42435420,42431275,2980,315,1785,1,1,1221,1556
42439842,42429832,4355,600,2633,1,1,1379,2497
5916783970,4742697051,6288,1197,3637,3,3,3401,2732
5916783970,42435680,740,285,485,0,0,0,582
42430639,3971302313,2554,540,1842,1,1,1266,1602
246580338,3857400409,2365,562,1390,1,1,1441,977
3790255302,42438386,6339,485,3651,1,1,1563,3631
5022414760,42445908,1260,241,781,1,1,849,530
2435108436,5215013216,8219,1620,4776,3,3,3473,4064
42435660,4276525587,1984,714,1419,1,1,1376,1042
4597668033,42436431,2477,684,2038,1,1,1261,1840
3942050711,3847026393,1105,286,1148,0,0,0,1378
4634753634,42445661,3300,1008,2575,2,2,2171,2048
4298764911,4493840503,2507,1523,1417,1,1,1790,841
3977886859,42454378,3827,660,2304,1,1,558,2496
42449597,3627218179,3622,568,2129,1,1,1153,2001
42445649,1758380528,1251,420,1108,1,1,468,1105
3019038953,42446528,1155,360,859,1,1,583,751
42434268,42436364,2880,507,1484,1,1,2422,618
5458524664,42435654,1342,480,1052,1,1,626,963
4016646249,3834459546,1694,393,1314,0,0,0,1577
5235625475,4298778317,3680,565,2112,2,2,2087,1533
4625652073,5481850676,2913,388,1971,1,1,558,2097
4143875761,246909444,1128,584,759,0,0,0,911
42444909,42430938,4076,620,2280,3,2,1583,1976
42427787,4016646232,2491,840,1597,0,0,0,1916
42451674,5266421746,1629,600,1336,1,1,983,1132
4555838817,42430694,3169,840,2090,2,2,1094,1983
42437605,42427797,3112,540,2158,1,1,2760,1265
42436404,5148103566,1226,534,1076,1,1,502,1050
3891963911,42427426,2498,1050,1438,1,1,1810,857
5889481212,42430317,1389,480,998,0,0,0,1198
4597668026,42456598,4293,522,2648,2,1,1281,2562
477284549,427845236,933,162,873,0,0,0,1047
3974095843,42428328,722,1860,572,0,0,0,686
42436159,42427369,1335,452,1306,1,1,2209,506
1251605877,5481912001,977,480,609,0,0,0,730
4296697329,4298757020,741,716,462,0,0,0,554
5235625493,1812608107,3890,433,2161,2,2,2375,1453
42435599,42435624,739,102,446,0,0,0,535
42427374,42430241,1003,300,577,1,1,718,348
42436393,2956903780,4367,900,2970,2,2,3198,2029
42445018,3857400389,2574,1129,1753,1,1,2002,1142
42459436,42436935,1628,600,1269,1,1,502,1282
4769084861,42430646,2056,1021,1418,1,1,721,1356
42440022,5812713552,8192,1476,4731,2,2,3337,4075
1289222445,5319124079,1178,370,820,1,1,1797,122
42453952,42457728,2969,299,2001,2,2,1306,1774
42442881,3859048179,1440,300,993,1,1,400,999
42437530,4493840519,1718,900,1137,1,1,400,1172
673854913,4202950101,1365,509,926,0,0,0,1112
42430557,5509380206,2438,600,1539,0,0,0,1847
3891960762,3857334399,3346,395,1727,1,1,1810,1204
3627218182,4147546538,5331,730,3239,2,2,1201,3310
5228410329,4216045845,5063,508,2885,1,1,1563,2712
42456211,4557517555,2008,1111,1253,0,0,0,1503
4597668040,4676427536,2159,420,1470,0,0,0,1764
4782363335,42438547,2356,264,1428,0,0,0,1713
42439960,2176936535,1171,420,907,0,0,0,1089
3670742479,2649092010,2257,660,1611,2,2,1704,1115
4557517551,3842788779,3441,1425,2412,2,2,1122,2356
42430329,42430607,1708,393,1565,1,1,654,1563
42439840,42433275,1602,240,993,0,0,0,1192
3639382769,2151385490,5784,569,3456,1,1,1261,3541
4143851143,4136147003,7209,1203,4168,3,3,4449,2866
42439834,42454742,969,120,718,0,0,0,862
4500033339,4711654707,2704,1238,1810,2,2,1141,1624
4876525168,3944708055,8612,1080,4943,2,2,2527,4719
3957124188,42430394,2725,841,1754,1,1,3658,348
42437909,42431500,1093,181,836,1,1,501,762
42454325,5799766718,4562,790,2790,2,2,3656,1593
4634753634,3420766634,2802,527,1673,1,1,532,1752
42446986,42435610,3477,540,2422,2,2,1823,2032
42431617,4443775464,5031,1394,2942,1,1,1379,2869
3252582131,3009534487,3334,573,1872,1,1,1810,1377
42437914,42429910,3146,480,1780,1,1,826,1739
247798293,596775882,2456,420,1690,0,0,0,2028
42430669,42429876,2938,449,1905,1,1,1407,1611
5240026594,4500012790,3268,480,1703,2,2,2028,1070
42430694,42430265,2898,439,2232,1,1,2859,1306
42454381,373903786,209,300,216,0,0,0,259
4207862997,4207854745,4311,1443,2894,2,2,3198,1938
1577321467,3971302311,2319,499,1628,1,1,1111,1420
42432156,3786901754,5045,1200,2783,1,1,2947,1925
4202950103,5849918503,4399,720,2989,2,2,4136,1601
4234425044,42437644,1038,650,865,1,1,558,770
4500012798,1828749428,3682,1440,2543,1,1,1407,2376
42446977,5481897724,1815,300,1217,1,1,546,1198
4132605271,4205565536,2057,595,1143,1,1,400,1180
2348991701,42440951,1279,420,870,0,0,0,1044
42429701,5829880521,530,600,405,0,0,0,486
42436055,370913786,5605,1980,3340,3,2,2787,2670
3833309813,42428483,1974,600,1451,1,1,983,1269
3971302313,42442881,3317,1063,2474,1,1,3658,1212
3314293715,4885959783,1424,235,1094,0,0,0,1313
5266429281,4841945996,1763,240,1014,1,1,1261,611
42435657,4782442668,1301,180,1117,1,1,626,1040
42451674,42455026,2078,321,1274,1,1,1661,731
42439994,42439842,2313,660,1398,0,0,0,1677
1692433939,42454994,1485,798,1395,0,0,0,1674
42430828,5804835269,3448,1165,1974,1,1,3190,837
5538485407,42439345,3893,757,2958,1,1,1880,2647
4601466495,4544006773,3703,960,2144,2,2,1599,1805
42431490,4161568342,1516,900,970,0,0,0,1165
4707471833,4215926836,1682,388,1097,0,0,0,1316
42437537,4234425044,6476,804,3878,2,2,3664,2895
1251605745,42436159,1887,420,1290,0,0,0,1548
2165157811,42429888,2317,420,1480,0,0,0,1777
42430235,42435470,1727,529,1597,0,0,0,1916
3875120008,3875091627,3785,540,2851,2,2,2359,2289
4202957549,5849918504,3806,840,2765,2,2,4136,1332
42430265,42437654,1341,1599,978,1,1,1154,620
42454325,1695371077,2363,660,1533,1,1,998,1360
42440820,3932923800,6791,1973,4218,2,2,3337,3459
42437283,42429832,4001,960,2414,1,1,1153,2343
3875120007,42432075,4829,960,3531,2,2,4136,2251
42430384,100522741,1148,328,1190,1,1,607,1136
5413254263,5266421747,1262,420,815,0,0,0,978
5837182318,42454378,2469,728,1960,1,1,2149,1320
3316533507,42430007,1417,360,1154,0,0,0,1385
42456197,4597668033,3549,786,1950,1,1,2947,925
42442931,42446266,1246,480,896,1,1,767,707
4347534782,42434946,2498,651,1575,1,1,723,1543
42439996,4143824665,8151,1560,4742,2,2,2660,4413
477284535,2823833555,1403,180,1086,0,0,0,1303
3977886187,370880739,9419,685,5551,2,2,2995,5224
3977886244,387184983,3525,660,3049,2,1,2133,2635
42443680,5481960322,1059,240,858,0,0,0,1030
5481937335,3955372901,4714,660,2911,2,2,2918,2093
42435456,42430938,2654,624,1592,1,1,1563,1159
4754110667,3976008170,7740,840,4396,3,2,4229,3246
42435646,2565699085,5382,949,3181,1,1,1379,3156
42439286,3875091624,3622,715,2117,2,2,1033,2044
596775946,5812723035,8329,1519,4712,3,3,4042,3714
4207837422,42428471,4290,1440,2851,2,2,3662,1663
2823833437,3686062427,3173,1577,2137,1,1,1441,1873
3463815150,42434285,3339,660,1942,1,1,1957,1391
42445310,3875091630,3715,781,2162,2,2,2134,1570
42449067,4872753359,2885,540,1817,1,1,735,1827
42434145,4769084861,2555,1258,1862,2,1,1718,1410
1731564122,4234425034,1413,485,880,1,1,767,688
42434418,42433543,2021,592,1303,0,0,0,1564
4561657054,5866337890,2508,420,1631,0,0,0,1957
3857343067,2302133933,1427,713,1098,1,1,558,1050
42445411,42438849,1064,171,713,0,0,0,856
4276517115,3383400749,2696,1380,1778,1,1,1407,1458
595142429,4205565508,2567,360,1916,1,1,857,1888
4796291642,42430607,3912,1140,2562,2,2,2662,1796
42442850,3859048179,1999,444,1584,1,1,2193,848
42437084,4634753634,3686,856,2419,1,1,1098,2376
3371304304,42459085,1045,300,1120,1,1,607,1052
4625652085,4207915681,862,720,847,1,1,1329,379
4132605273,42433354,1947,600,1023,1,1,1261,622
5730369214,5849918504,2110,1440,1524,1,1,654,1515
1719560859,5554351996,2401,540,1496,1,1,857,1384
5815248549,4216045829,4055,711,2707,2,2,3023,1797
5235625492,5178688282,1125,209,933,1,1,296,977
4597668029,42436056,4368,600,2348,2,2,3682,1050
4782404425,4320108382,4524,910,2546,2,2,2696,1762
4207915681,42437114,5183,660,2992,2,2,3127,2090
42434954,42445494,4128,461,2314,1,1,2947,1362
4276517121,42446945,1473,359,941,1,1,546,867
4689113869,42429844,7727,1080,4633,1,1,2360,4427
3884612889,2823833548,2034,360,1070,1,1,1150,732
42428183,3855009862,3146,1353,2086,1,1,558,2236
3919359300,42436793,719,187,771,0,0,0,925
4234425050,42442949,2508,677,1448,1,1,767,1370
42429900,4202950104,2773,480,1686,1,1,2360,891
42421877,42452026,1806,361,1205,0,0,0,1446
4577294519,4714254172,2553,780,1742,1,1,2193,1038
42449600,4876645555,1287,420,956,0,0,0,1148
4493840510,42436381,3717,420,2115,2,2,2078,1540
4207952793,4885973778,7386,1920,4606,1,1,2360,4395
4747401774,5799559461,1297,660,837,1,1,566,733
3026465712,42430342,6831,1440,5379,3,3,7463,2873
42433604,42446934,811,295,702,1,1,1104,312
4540239967,4216045815,2033,380,1110,1,1,1563,582
42442895,3420766634,1993,294,1242,0,0,0,1490
42445896,4960527245,3096,517,1756,2,1,1281,1492
4132605206,5266429279,318,120,346,0,0,0,415
1633173564,42430314,1629,600,1376,1,1,1797,788
5266429277,5854381572,2891,326,1867,1,1,735,1887
42428283,4796245036,2001,395,1233,1,1,665,1160
4597668038,42454381,2319,720,1254,1,1,1441,813
42449067,42457735,1198,600,809,1,1,502,729
4302910549,5413254263,684,180,588,0,0,0,706
42439968,42442247,4294,1020,2986,2,2,4355,1493
4711654700,1772136801,7833,1200,4587,3,3,4222,3478
4207957613,4487582556,4919,1616,3656,2,2,6228,1398
3891969472,42430259,1565,180,876,1,1,718,707
4631139784,1289222446,1219,300,838,1,1,296,863
42443807,4890634253,5702,745,3366,1,1,1261,3434
3875120008,3314293715,4587,1313,3591,2,2,4136,2323
805764995,4347534782,673,600,578,1,1,723,346
4625652075,3564892571,3252,1180,2195,2,2,1122,2095
42434145,42436754,2155,540,1254,1,1,735,1152
42427423,5849918502,748,240,609,1,1,696,396
42435456,5475605301,6213,1447,3941,2,2,4355,2639
42436142,3009534487,2383,570,1440,1,1,1221,1142
4685465959,5340982006,3296,840,2617,2,2,1403,2466
4878838724,5235625493,5423,1270,3396,3,3,3681,2308
596775935,4597668033,2886,420,1866,0,0,0,2239
42430277,5235625492,578,162,536,1,1,296,501
42431508,42430333,3856,433,2176,2,2,2370,1473
42436575,42437371,2676,840,1860,1,1,1407,1556
42435657,42435420,991,180,571,1,1,1079,167
42448563,598195026,3519,1440,2467,2,1,2052,1975
42436384,42431517,555,300,356,0,0,0,428
42443680,595106176,1582,420,1034,0,0,0,1241
5813259906,42432194,3979,963,2734,2,2,2516,2073
3955360018,42443950,643,333,540,0,0,0,648
4298757077,5296795596,2304,480,1608,1,1,912,1492
3308681111,3977886220,1507,880,1115,0,0,0,1339
42430282,3971196622,2255,480,1395,0,0,0,1674
42430255,4234425045,1558,375,1204,1,1,826,1048
42427411,42454325,4477,558,3121,2,2,2693,2453
5151708181,5243716993,1782,272,1287,0,0,0,1545
42421941,42435660,7401,1140,4421,3,3,3401,3673
1993431127,4015192893,4365,1620,2710,2,2,1776,2399
42438567,42431814,2271,300,1418,0,0,0,1702
42429662,3997454669,2782,1320,1912,1,1,857,1883
4577294517,4216045799,781,180,745,0,0,0,894
42445404,5244228881,2749,600,1640,1,1,718,1624
4876524523,4872777165,3812,444,2713,1,1,812,2866
42434821,42432706,1975,140,1199,0,0,0,1438
42430265,3997461342,901,843,938,1,1,400,933
5854325119,5481907299,4307,410,2663,1,1,735,2842
42434145,5851709098,4464,1130,2990,3,2,3095,2103
3009534487,4711654714,1539,386,1092,0,0,0,1310
42455761,358447541,2212,598,1469,0,0,0,1763
5609547123,4711654711,2213,454,1535,1,1,723,1495
3601296182,42451674,2139,480,1324,1,1,1790,730
3942050702,42455083,3608,900,3076,2,2,1522,2960
4234425041,42449948,1579,300,995,0,0,0,1194
1538237281,42427324,1780,890,1313,0,0,0,1575
3928841144,5043087533,3903,928,2368,1,1,2849,1474
42446941,4707468280,1321,713,934,0,0,0,1121
4776041129,4015192894,2474,360,1622,1,1,898,1515
4207862998,4205565522,1266,120,801,0,0,0,961
5829907364,42432142,721,180,578,0,0,0,693
42434268,42446701,1175,480,729,0,0,0,875
5651033419,42430691,1325,240,1129,0,0,0,1355
793872212,4202958490,7934,666,4694,2,2,3664,3873
42436326,3971196629,7011,913,4025,2,2,2660,3553
1692433910,42430329,3978,926,2385,2,2,3767,1054
42427797,3944708031,1746,240,1241,1,1,468,1264
42427374,42445357,3931,420,2310,1,1,1379,2110
42445888,42435629,1290,360,1007,0,0,0,1208
42430257,5173374392,2254,360,1385,1,1,1091,1139
5815234910,4276517106,5754,713,3479,2,2,3664,2416
42435677,42444049,1807,335,1207,0,0,0,1448
42437363,42428371,7317,1184,4220,3,3,3401,3432
1514353072,42429661,1436,983,1193,0,0,0,1431
42455051,42428444,1094,650,961,1,1,587,871
42427483,5178688284,2059,1205,1640,1,1,2007,1004
42432679,5159433792,2932,720,1939,0,0,0,2326
4890418815,42446941,5105,1026,2942,1,1,1261,2925
42446935,42428471,2773,360,1615,1,1,583,1659
42439840,42434427,1175,356,1117,1,1,424,1137
5083818849,1514352994,5911,899,3811,2,2,2746,3255
42449942,3360773034,1735,600,1412,1,1,964,1231
42428476,1745991209,4292,720,2625,2,2,1716,2327
42430263,5131026400,2202,892,1759,1,1,826,1715
2322155478,561042203,2409,410,1677,2,2,1122,1474
3799572065,42428524,6897,1080,4207,3,3,3681,3281
4741363705,5022414759,6633,780,3738,3,3,3401,2854
42446935,2792781462,2858,773,1849,1,1,1331,1580
1695334087,4960503202,5981,467,3620,3,3,3681,2577
2709703008,3875119999,1811,337,1290,1,1,626,1248
3944708054,3977886250,930,384,719,0,0,0,863
42449961,42445885,2930,720,1695,1,1,1313,1404
42430677,5730369215,1796,165,1125,0,0,0,1350
2823299581,4782442661,4663,1260,3214,3,3,3700,2080
3670742451,4676426951,2726,540,1706,1,1,583,1768
42433620,4205565513,2523,780,1496,1,1,654,1481
42444991,42443975,444,120,423,0,0,0,508
1291420901,42432825,912,391,752,1,1,1331,263
1773069828,42428524,3288,1620,1880,1,1,635,1952
3985008879,4890320285,2629,660,1692,1,1,1153,1476
3842775637,5784518533,3983,480,2429,1,1,1793,2054
42446971,42427797,1763,672,1346,1,1,546,1353
42454042,5151708185,5176,660,3104,2,2,4464,1582
