pickup_datetime,dropoff_datetime,pickup_longitude,pickup_latitude,dropoff_longitude,dropoff_latitude
2013-11-01 09:01:00,2013-11-01 09:09:00,-73.975464,40.752075,-73.98527,40.741463
2013-11-06 20:12:00,2013-11-06 20:21:00,-73.99156,40.738373,-74.00668,40.730217
2013-11-02 14:18:00,2013-11-02 14:26:00,-73.98691,40.739952,-73.97184,40.747227
2013-11-05 15:09:18,2013-11-05 15:33:34,-73.97692,40.76429,-74.00523,40.74128
2013-11-04 08:12:01,2013-11-04 08:23:41,-73.97635,40.75153,-73.975494,40.765373
2013-11-06 20:56:00,2013-11-06 21:05:00,-74.007835,40.705055,-74.004944,40.72288
2013-11-02 21:49:43,2013-11-02 21:58:16,-73.996414,40.721947,-74.000206,40.73045
2013-11-02 02:14:53,2013-11-02 02:24:57,-74.00518,40.741222,-73.98842,40.765366
2013-11-02 08:38:00,2013-11-02 08:46:00,-73.98504,40.7423,-73.970795,40.761436
2013-11-02 15:56:27,2013-11-02 16:01:42,-73.984375,40.74582,-73.991936,40.749763
2013-11-01 20:03:00,2013-11-01 20:09:00,-73.98062,40.73394,-73.987686,40.74075
2013-11-07 07:57:39,2013-11-07 08:00:52,-73.99152,40.750114,-73.99077,40.75621
2013-11-03 23:14:26,2013-11-03 23:28:11,-73.98472,40.746548,-74.00743,40.707127
2013-11-02 02:35:10,2013-11-02 02:42:19,-73.99175,40.73545,-73.97607,40.746628
2013-11-06 11:15:58,2013-11-06 11:37:24,-73.98818,40.764744,-74.003494,40.722782
2013-11-07 14:33:51,2013-11-07 14:41:48,-73.978676,40.750927,-73.99347,40.743855
2013-11-01 11:30:21,2013-11-01 11:45:32,-73.978226,40.75926,-73.99852,40.762897
2013-11-02 17:36:52,2013-11-02 17:40:54,-74.00689,40.743942,-73.99295,40.748726
2013-11-01 22:35:41,2013-11-01 22:43:16,-74.002426,40.739834,-73.98015,40.744698
2013-11-06 06:06:15,2013-11-06 06:16:25,-73.97288,40.75602,-73.987656,40.724476
2013-11-07 23:39:46,2013-11-07 23:54:32,-73.97757,40.760384,-73.99185,40.726307
2013-11-05 08:47:00,2013-11-05 08:57:00,-73.99789,40.72053,-74.00366,40.735867
2013-11-03 21:10:31,2013-11-03 21:16:16,-73.98838,40.74285,-73.99991,40.72847
2013-11-01 08:58:50,2013-11-01 09:13:07,-73.99213,40.71146,-73.99394,40.741318
2013-11-01 19:35:00,2013-11-01 19:48:00,-73.97925,40.752434,-74.00692,40.74892
2013-11-07 09:51:00,2013-11-07 10:15:00,-73.99733,40.721832,-73.972015,40.763466
2013-11-07 13:14:00,2013-11-07 13:20:00,-74.01475,40.713463,-74.00685,40.729996
2013-11-03 19:15:08,2013-11-03 19:44:38,-73.99157,40.750084,-73.97819,40.751854
2013-11-02 21:14:00,2013-11-02 21:17:00,-73.97966,40.760468,-73.977486,40.75318
2013-11-02 15:35:50,2013-11-02 15:43:46,-73.985565,40.750603,-73.98914,40.761147
2013-11-03 14:35:00,2013-11-03 14:43:00,-74.00821,40.738697,-73.99496,40.750015
2013-11-06 23:59:47,2013-11-07 00:06:27,-73.98961,40.737835,-74.00809,40.739296
2013-11-01 09:17:00,2013-11-01 09:40:00,-73.97519,40.756,-74.01425,40.70283
2013-11-05 20:51:00,2013-11-05 20:59:00,-74.00021,40.74285,-73.98622,40.73627
2013-11-02 12:08:00,2013-11-02 12:31:00,-73.99018,40.76198,-74.010086,40.712437
2013-11-01 09:35:00,2013-11-01 09:40:00,-73.98144,40.741245,-73.97277,40.75305
2013-11-06 20:57:08,2013-11-06 21:04:46,-74.00605,40.735054,-74.01068,40.71688
2013-11-03 23:21:16,2013-11-03 23:26:02,-73.99189,40.73127,-73.99027,40.71984
2013-11-01 21:53:00,2013-11-01 22:04:00,-74.0104,40.719048,-73.99514,40.749783
2013-11-04 08:19:45,2013-11-04 08:24:41,-73.97713,40.757217,-73.971756,40.764484
2013-11-05 11:37:30,2013-11-05 11:46:00,-73.98283,40.745422,-73.98941,40.748283
2013-11-05 20:16:34,2013-11-05 20:27:30,-73.99099,40.724087,-73.991196,40.742203
2013-11-05 19:39:00,2013-11-05 19:50:00,-73.98322,40.743828,-73.97933,40.76118
2013-11-04 08:02:00,2013-11-04 08:11:00,-73.98257,40.7396,-73.98102,40.755047
2013-11-05 10:46:27,2013-11-05 10:51:12,-73.989555,40.741768,-73.99358,40.733322
2013-11-07 12:15:00,2013-11-07 12:26:00,-73.981926,40.7625,-73.991356,40.750095
2013-11-05 17:02:00,2013-11-05 17:12:00,-73.98256,40.745472,-73.98602,40.752773
2013-11-04 09:52:38,2013-11-04 09:58:20,-73.992676,40.742756,-74.00567,40.750957
2013-11-02 02:33:00,2013-11-02 02:44:00,-73.97273,40.752056,-74.00417,40.74279
2013-11-02 20:58:00,2013-11-02 21:04:00,-73.99703,40.724022,-74.00491,40.717323
2013-11-07 21:02:14,2013-11-07 21:15:30,-73.97132,40.75119,-73.98806,40.73461
2013-11-02 01:53:53,2013-11-02 02:02:48,-73.99827,40.745277,-73.9752,40.746204
2013-11-02 19:46:52,2013-11-02 20:00:15,-73.98485,40.727364,-74.01618,40.705727
2013-11-03 13:34:00,2013-11-03 13:38:00,-74.007904,40.712227,-74.01407,40.70424
2013-11-07 10:20:31,2013-11-07 10:28:27,-74.0022,40.729443,-73.993774,40.74189
2013-11-07 12:12:19,2013-11-07 12:37:10,-73.97283,40.75292,-74.00677,40.728638
2013-11-06 14:01:05,2013-11-06 14:06:24,-74.00105,40.724197,-74.002716,40.72209
2013-11-05 19:42:00,2013-11-05 19:50:38,-73.98439,40.74831,-74.00302,40.734974
2013-11-04 06:52:08,2013-11-04 06:56:10,-73.990944,40.75588,-73.98265,40.762512
2013-11-05 21:42:00,2013-11-05 21:51:00,-73.98963,40.758453,-73.98396,40.748314
2013-11-06 09:20:54,2013-11-06 09:32:58,-73.98624,40.726326,-74.00189,40.738743
2013-11-07 07:57:00,2013-11-07 08:06:00,-73.98806,40.749428,-73.975395,40.75462
2013-11-02 22:53:46,2013-11-02 22:56:24,-73.98421,40.7432,-73.97814,40.751507
2013-11-05 21:00:00,2013-11-05 21:04:00,-73.98784,40.74943,-73.980125,40.754547
2013-11-05 19:27:54,2013-11-05 19:34:17,-74.00946,40.726,-74.00612,40.74306
2013-11-07 20:13:00,2013-11-07 20:20:25,-73.99565,40.73936,-74.00877,40.72888
2013-11-04 06:50:26,2013-11-04 06:55:36,-73.99397,40.75132,-73.97835,40.759792
2013-11-01 21:01:00,2013-11-01 21:05:00,-73.98959,40.74742,-73.97982,40.749493
2013-11-01 21:30:00,2013-11-01 21:32:00,-73.98788,40.754612,-73.99113,40.750416
2013-11-02 01:06:00,2013-11-02 01:15:00,-73.98872,40.75876,-73.987045,40.748695
2013-11-07 21:50:24,2013-11-07 21:55:47,-73.98875,40.748917,-73.99586,40.759502
2013-11-07 22:17:32,2013-11-07 22:28:56,-73.98533,40.72737,-73.99188,40.744225
2013-11-03 01:37:00,2013-11-03 01:42:00,-73.98232,40.742752,-73.99683,40.753635
2013-11-07 12:30:00,2013-11-07 12:36:00,-73.994255,40.750954,-74.0027,40.75605
2013-11-02 17:58:00,2013-11-02 18:07:00,-73.98923,40.759315,-73.98046,40.75337
2013-11-06 07:44:00,2013-11-06 07:48:00,-73.97576,40.75207,-73.98525,40.741356
2013-11-06 20:55:00,2013-11-06 21:03:00,-73.97833,40.750286,-73.99124,40.727947
2013-11-04 18:13:58,2013-11-04 18:26:05,-73.98341,40.744358,-73.99163,40.748734
2013-11-04 07:53:15,2013-11-04 07:58:12,-73.98815,40.723766,-73.97501,40.741756
2013-11-03 05:52:40,2013-11-03 05:57:57,-73.997826,40.73616,-73.98072,40.760223
2013-11-02 12:15:00,2013-11-02 12:25:00,-73.99553,40.741096,-73.979576,40.762684
2013-11-05 16:23:00,2013-11-05 16:52:00,-73.993614,40.736095,-73.98378,40.74158
2013-11-03 09:32:11,2013-11-03 09:41:04,-73.99542,40.75456,-74.00234,40.719704
2013-11-07 22:46:09,2013-11-07 22:47:27,-74.00283,40.73259,-74.001015,40.731934
2013-11-03 15:29:00,2013-11-03 15:36:00,-73.9998,40.72682,-73.994606,40.740585
2013-11-04 17:37:00,2013-11-04 17:41:00,-73.99375,40.72907,-74.00548,40.727734
2013-11-02 00:55:49,2013-11-02 01:05:06,-73.99849,40.73218,-73.99715,40.713024
2013-11-05 08:48:34,2013-11-05 09:10:09,-73.99096,40.735043,-74.014694,40.71415
2013-11-02 17:50:00,2013-11-02 17:58:00,-73.981384,40.74935,-73.996376,40.73722
2013-11-07 18:25:00,2013-11-07 18:37:00,-73.97348,40.748566,-73.97481,40.748013
2013-11-01 18:06:00,2013-11-01 18:22:00,-74.00293,40.76028,-73.98964,40.750523
2013-11-03 21:05:00,2013-11-03 21:13:00,-73.985855,40.7579,-74.005104,40.74053
2013-11-05 23:34:00,2013-11-05 23:39:00,-73.97636,40.73997,-73.98848,40.734856
2013-11-02 01:07:00,2013-11-02 01:14:00,-73.983765,40.757053,-73.988495,40.75027
2013-11-06 20:22:00,2013-11-06 20:38:00,-73.994995,40.750027,-73.97145,40.75756
2013-11-04 22:54:02,2013-11-04 23:14:12,-74.00152,40.727802,-73.98054,40.74225
2013-11-01 03:24:00,2013-11-01 03:29:00,-73.99609,40.759556,-73.98359,40.762943
2013-11-04 09:59:00,2013-11-04 10:04:00,-73.97291,40.744736,-73.973366,40.748013
2013-11-07 05:41:51,2013-11-07 05:48:59,-73.9796,40.750496,-74.00153,40.741844
2013-11-03 00:04:52,2013-11-03 00:14:55,-73.98834,40.718666,-73.99825,40.733807
2013-11-01 01:34:45,2013-11-01 01:43:35,-73.99145,40.731915,-74.00631,40.70575
2013-11-03 08:03:00,2013-11-03 08:11:00,-73.98501,40.76049,-73.97582,40.748943
2013-11-07 12:39:00,2013-11-07 13:01:00,-74.01371,40.714993,-73.98758,40.74174
2013-11-04 09:15:02,2013-11-04 09:21:51,-73.98071,40.754105,-73.990105,40.74774
2013-11-02 22:35:00,2013-11-02 22:39:00,-73.99083,40.734188,-73.98237,40.727806
2013-11-03 07:38:04,2013-11-03 07:42:13,-73.99674,40.737526,-73.99132,40.74484
2013-11-03 01:13:00,2013-11-03 01:14:00,-73.99615,40.738487,-73.99246,40.743256
2013-11-03 02:32:00,2013-11-03 02:36:00,-73.98593,40.752655,-73.98939,40.764507
2013-11-05 20:05:55,2013-11-05 20:10:21,-74.00931,40.72979,-74.00578,40.720272
2013-11-04 12:19:00,2013-11-04 12:24:00,-73.9869,40.755684,-73.9717,40.76023
2013-11-01 13:48:00,2013-11-01 13:55:00,-73.98596,40.747036,-73.98051,40.74642
2013-11-07 16:13:44,2013-11-07 16:26:58,-73.994064,40.735806,-74.00207,40.72036
2013-11-03 07:31:43,2013-11-03 07:34:24,-73.99987,40.73814,-74.00634,40.73166
2013-11-05 07:10:27,2013-11-05 07:15:30,-74.00283,40.760464,-73.99025,40.75753
2013-11-05 23:15:54,2013-11-05 23:21:55,-73.99188,40.744354,-74.003815,40.72545
2013-11-01 13:54:57,2013-11-01 14:02:22,-73.99735,40.762352,-74.00814,40.74764
2013-11-01 15:37:00,2013-11-01 15:48:00,-73.98546,40.756657,-73.98946,40.740257
2013-11-06 20:32:00,2013-11-06 20:48:00,-73.97156,40.764492,-74.00614,40.743702
2013-11-05 17:23:44,2013-11-05 17:47:30,-74.01135,40.71074,-73.97587,40.753548
2013-11-05 10:07:00,2013-11-05 10:16:00,-74.00314,40.744114,-73.98572,40.741154
2013-11-06 15:57:10,2013-11-06 16:14:17,-74.00211,40.719067,-74.01193,40.70369
2013-11-06 23:35:29,2013-11-06 23:40:57,-73.99483,40.750126,-73.98656,40.75896
2013-11-03 16:10:00,2013-11-03 16:12:00,-73.98947,40.73023,-73.98442,40.737698
2013-11-04 06:02:40,2013-11-04 06:05:16,-73.99871,40.734905,-73.98764,40.741344
2013-11-02 18:53:00,2013-11-02 19:04:00,-74.00772,40.705738,-74.00792,40.746483
2013-11-07 15:16:00,2013-11-07 15:32:00,-73.971954,40.75023,-73.9999,40.734573
2013-11-01 17:40:41,2013-11-01 17:51:20,-74.005325,40.750713,-74.003555,40.7499
2013-11-06 22:24:27,2013-11-06 22:32:22,-73.981255,40.741608,-73.98936,40.748104
2013-11-01 00:08:00,2013-11-01 00:15:00,-74.00242,40.72492,-74.01425,40.70317
2013-11-04 20:08:17,2013-11-04 20:20:38,-73.988144,40.728745,-74.01233,40.70156
2013-11-01 09:34:50,2013-11-01 09:48:17,-73.97906,40.74057,-74.00716,40.706577
2013-11-04 14:54:00,2013-11-04 15:03:00,-73.99368,40.7282,-73.97677,40.739346
2013-11-03 11:31:00,2013-11-03 11:35:00,-73.99582,40.737236,-73.991684,40.726875
2013-11-06 13:39:00,2013-11-06 13:54:00,-73.98846,40.741077,-74.00715,40.706043
2013-11-06 11:48:58,2013-11-06 12:14:25,-73.97725,40.76265,-74.00319,40.72777
2013-11-05 13:07:21,2013-11-05 13:29:13,-74.002686,40.733646,-73.97224,40.76052
2013-11-01 22:07:00,2013-11-01 22:14:00,-73.989006,40.760086,-73.974754,40.756252
2013-11-06 09:53:50,2013-11-06 09:58:26,-73.991745,40.750336,-73.986465,40.74058
2013-11-02 11:53:39,2013-11-02 12:05:16,-73.9917,40.730915,-74.01602,40.710514
2013-11-06 08:50:00,2013-11-06 09:02:00,-74.00643,40.74443,-73.99582,40.726326
2013-11-07 21:15:44,2013-11-07 21:22:55,-73.9826,40.74821,-73.98227,40.7624
2013-11-07 11:24:18,2013-11-07 11:41:05,-73.97414,40.759853,-73.98175,40.74365
2013-11-03 12:02:00,2013-11-03 12:07:00,-74.0003,40.721397,-73.99896,40.734577
2013-11-03 00:19:00,2013-11-03 00:24:00,-73.98352,40.750298,-73.971245,40.75548
2013-11-03 18:30:01,2013-11-03 18:33:18,-73.98045,40.72628,-73.98664,40.719578
2013-11-03 01:26:00,2013-11-03 01:34:00,-73.99009,40.737118,-73.99191,40.7551
2013-11-01 05:29:00,2013-11-01 05:39:00,-74.013016,40.702614,-73.99076,40.750446
2013-11-07 10:00:48,2013-11-07 10:11:10,-74.01501,40.717068,-74.01149,40.70933
2013-11-03 12:28:34,2013-11-03 12:33:19,-74.00861,40.725994,-74.000565,40.718353
2013-11-05 07:34:33,2013-11-05 07:41:49,-73.98883,40.743816,-73.97882,40.752644
2013-11-01 08:45:00,2013-11-01 08:52:00,-73.98333,40.73895,-73.99489,40.72906
2013-11-07 00:42:00,2013-11-07 00:50:00,-73.99464,40.71961,-74.00513,40.70697
2013-11-02 21:11:13,2013-11-02 21:26:52,-73.98704,40.729546,-74.00928,40.71038
2013-11-02 09:58:00,2013-11-02 10:12:00,-73.98337,40.72199,-73.97258,40.761677
2013-11-02 12:10:30,2013-11-02 12:20:43,-74.01514,40.709316,-74.00001,40.743057
2013-11-03 18:56:00,2013-11-03 19:00:00,-73.97335,40.75259,-73.97885,40.740807
2013-11-03 23:51:21,2013-11-03 23:56:14,-73.991554,40.74481,-73.97579,40.765568
2013-11-03 01:23:24,2013-11-03 01:28:41,-73.99147,40.727425,-73.982864,40.726974
2013-11-06 21:14:00,2013-11-06 21:18:00,-73.9871,40.722385,-73.98044,40.730507
2013-11-06 16:06:00,2013-11-06 16:14:00,-73.996346,40.753407,-74.00446,40.733536
2013-11-06 06:33:59,2013-11-06 06:42:47,-73.98253,40.739605,-73.98497,40.759613
2013-11-02 00:56:00,2013-11-02 01:10:00,-73.9921,40.744125,-73.97635,40.740093
2013-11-04 17:29:00,2013-11-04 17:34:00,-73.98018,40.764164,-73.99936,40.73878
2013-11-03 01:20:52,2013-11-03 01:30:17,-74.00197,40.71959,-73.98843,40.731724
2013-11-01 00:05:00,2013-11-01 00:09:00,-74.00198,40.750816,-73.99409,40.75147
2013-11-05 09:43:48,2013-11-05 09:57:48,-73.987175,40.759323,-73.99235,40.739487
2013-11-05 18:41:50,2013-11-05 19:02:22,-73.97899,40.762432,-73.98811,40.740593
2013-11-02 01:43:00,2013-11-02 01:49:00,-73.97918,40.731113,-73.987175,40.719727
2013-11-04 19:09:51,2013-11-04 19:25:44,-74.00469,40.718815,-73.97869,40.729687
2013-11-03 20:10:00,2013-11-03 20:17:00,-73.99238,40.74847,-73.99065,40.732883
2013-11-01 21:59:00,2013-11-01 22:11:35,-73.988815,40.753525,-74.01159,40.765034
2013-11-06 07:33:34,2013-11-06 07:45:00,-73.99927,40.744114,-73.97596,40.7558
2013-11-05 01:02:00,2013-11-05 01:06:00,-74.005554,40.720093,-74.00102,40.73158
2013-11-07 07:30:00,2013-11-07 07:34:00,-73.990105,40.755993,-73.98321,40.759296
2013-11-05 17:39:54,2013-11-05 17:45:02,-74.002655,40.739643,-73.99649,40.731915
2013-11-06 07:54:00,2013-11-06 08:06:00,-73.988235,40.748314,-73.977036,40.73908
2013-11-01 09:54:26,2013-11-01 10:00:18,-73.98992,40.756573,-73.97973,40.759056
2013-11-07 10:11:00,2013-11-07 10:22:00,-73.98678,40.725754,-74.00053,40.72644
2013-11-05 22:51:00,2013-11-05 22:59:00,-73.98232,40.764824,-74.00692,40.74885
2013-11-07 08:53:50,2013-11-07 09:12:38,-73.99109,40.74978,-73.98278,40.756927
2013-11-05 02:53:29,2013-11-05 03:00:43,-74.00373,40.74238,-73.99953,40.76141
2013-11-01 10:46:51,2013-11-01 10:54:25,-73.98075,40.747776,-73.97191,40.761875
2013-11-01 06:49:00,2013-11-01 06:59:00,-74.0062,40.7344,-73.97843,40.759872
2013-11-02 01:10:48,2013-11-02 01:17:30,-73.989716,40.732594,-73.97968,40.744022
2013-11-05 21:34:14,2013-11-05 21:44:36,-73.97887,40.76207,-74.0029,40.760445
2013-11-04 01:14:28,2013-11-04 01:24:43,-73.988716,40.73112,-73.98877,40.719624
2013-11-03 22:30:48,2013-11-03 22:36:26,-73.97986,40.75252,-73.988,40.744106
2013-11-01 13:29:55,2013-11-01 13:40:26,-73.98003,40.74607,-73.97383,40.760113
2013-11-05 10:39:00,2013-11-05 10:44:00,-73.97463,40.751392,-73.980705,40.741096
2013-11-04 18:14:07,2013-11-04 18:18:07,-73.98905,40.737328,-73.97874,40.741028
2013-11-06 20:29:43,2013-11-06 20:34:21,-74.00969,40.722626,-74.01587,40.715397
2013-11-02 22:31:00,2013-11-02 22:37:00,-73.99032,40.73784,-73.98034,40.732418
2013-11-06 02:39:00,2013-11-06 02:44:00,-74.00443,40.71947,-74.006195,40.708607
2013-11-06 14:50:59,2013-11-06 15:08:48,-73.97797,40.75697,-74.01599,40.714848
2013-11-01 13:19:00,2013-11-01 13:42:00,-73.97466,40.753506,-73.99128,40.75011
2013-11-03 00:52:35,2013-11-03 01:08:26,-74.00668,40.716557,-73.97243,40.759293
2013-11-06 22:04:00,2013-11-06 22:08:00,-73.97225,40.76267,-73.977684,40.76303
2013-11-02 19:06:00,2013-11-02 19:13:00,-73.979935,40.754677,-73.98539,40.744003
2013-11-07 08:51:00,2013-11-07 09:10:00,-74.00445,40.7158,-73.99236,40.749493
2013-11-06 22:02:00,2013-11-06 22:09:00,-73.98431,40.726425,-73.98741,40.738876
2013-11-06 12:30:00,2013-11-06 12:42:00,-73.991264,40.755016,-74.00449,40.74213
2013-11-01 21:14:00,2013-11-01 21:23:00,-73.97461,40.74223,-73.98684,40.73944
2013-11-03 03:27:26,2013-11-03 03:39:41,-73.99759,40.75167,-73.99585,40.720882
2013-11-03 13:40:00,2013-11-03 13:43:00,-73.99082,40.718025,-73.98363,40.728386
2013-11-01 04:18:00,2013-11-01 04:23:00,-73.98769,40.74083,-73.99064,40.748676
2013-11-05 21:31:37,2013-11-05 21:40:37,-74.00678,40.73105,-73.9918,40.725754
2013-11-01 14:26:00,2013-11-01 14:36:00,-73.970955,40.75824,-73.98175,40.742805
2013-11-05 10:30:00,2013-11-05 10:38:00,-73.998314,40.74048,-73.99653,40.729668
2013-11-04 18:24:00,2013-11-04 18:29:00,-74.00158,40.741035,-74.00298,40.750538
2013-11-02 11:49:00,2013-11-02 11:59:00,-73.992615,40.75351,-73.98757,40.73868
2013-11-07 14:34:47,2013-11-07 14:39:49,-73.99996,40.733078,-73.99823,40.72617
2013-11-02 20:47:00,2013-11-02 21:00:00,-73.98397,40.740353,-74.00437,40.716278
2013-11-01 20:51:00,2013-11-01 21:11:00,-74.0091,40.713573,-73.9785,40.745243
2013-11-03 00:55:37,2013-11-03 01:09:56,-74.00185,40.73538,-73.98771,40.721424
2013-11-07 07:44:00,2013-11-07 07:52:00,-73.99305,40.75249,-73.980255,40.754017
2013-11-02 17:44:00,2013-11-02 17:53:00,-74.00682,40.729282,-73.992386,40.75354
2013-11-04 20:19:21,2013-11-04 20:23:55,-73.99309,40.727898,-73.98043,40.7269
2013-11-07 07:08:00,2013-11-07 07:15:00,-73.97965,40.74472,-73.98385,40.755016
2013-11-02 01:43:07,2013-11-02 01:46:31,-74.00706,40.74383,-73.9957,40.759117
2013-11-03 23:56:28,2013-11-03 23:59:00,-73.98901,40.722935,-73.99022,40.7147
2013-11-02 21:40:00,2013-11-02 21:50:00,-73.98707,40.725224,-74.010445,40.704628
2013-11-05 19:55:00,2013-11-05 20:01:00,-73.98682,40.745426,-73.997086,40.73506
2013-11-07 06:28:00,2013-11-07 06:29:00,-73.99963,40.733456,-73.99512,40.733303
2013-11-03 01:42:26,2013-11-03 01:48:18,-73.98241,40.727684,-73.99339,40.72729
2013-11-04 11:36:39,2013-11-04 11:45:45,-74.00534,40.737064,-74.00162,40.721302
2013-11-07 17:18:55,2013-11-07 17:36:54,-73.99672,40.737137,-74.00633,40.70698
2013-11-05 00:07:06,2013-11-05 00:14:32,-73.97533,40.756065,-73.987404,40.732903
2013-11-03 10:40:00,2013-11-03 10:42:00,-73.99525,40.74399,-73.989395,40.741684
2013-11-06 07:46:24,2013-11-06 07:55:10,-73.99424,40.751125,-73.97333,40.752758
2013-11-07 15:19:00,2013-11-07 15:44:00,-74.00057,40.75778,-73.97915,40.752575
2013-11-03 14:19:00,2013-11-03 14:21:00,-73.99626,40.74448,-73.99966,40.746082
2013-11-02 13:15:00,2013-11-02 13:23:00,-74.00046,40.757717,-74.00528,40.744846
2013-11-07 20:38:24,2013-11-07 20:51:21,-74.00995,40.706512,-74.00561,40.74102
2013-11-07 01:31:36,2013-11-07 01:43:04,-74.0083,40.74144,-73.98403,40.746365
2013-11-05 21:04:25,2013-11-05 21:17:48,-74.003944,40.729843,-73.978645,40.728584
2013-11-07 00:38:00,2013-11-07 00:46:00,-73.99791,40.714443,-73.98813,40.727993
2013-11-02 16:17:00,2013-11-02 16:20:00,-73.99457,40.75599,-73.999695,40.74879
2013-11-01 20:24:52,2013-11-01 20:34:03,-73.997604,40.731686,-73.99489,40.72312
2013-11-05 14:20:00,2013-11-05 14:29:00,-73.98237,40.75337,-73.994095,40.72868
2013-11-01 13:17:59,2013-11-01 13:29:04,-73.977585,40.758446,-73.98402,40.748787
2013-11-03 21:39:00,2013-11-03 21:59:00,-74.00764,40.70552,-73.98774,40.743877
2013-11-04 21:50:00,2013-11-04 21:52:00,-73.97722,40.758972,-73.97937,40.754177
2013-11-06 02:21:00,2013-11-06 02:38:00,-73.98147,40.72476,-73.994026,40.745895
2013-11-02 21:22:26,2013-11-02 21:32:46,-73.98952,40.75626,-73.99827,40.73616
2013-11-05 21:04:00,2013-11-05 21:28:00,-73.99865,40.722836,-73.99058,40.74618
2013-11-05 17:58:00,2013-11-05 18:07:00,-73.98059,40.74219,-73.970215,40.756313
2013-11-07 05:40:00,2013-11-07 05:44:00,-73.990364,40.731663,-73.994446,40.740833
2013-11-06 20:17:00,2013-11-06 20:30:00,-74.00468,40.741673,-73.97935,40.75225
2013-11-01 19:17:00,2013-11-01 19:25:00,-74.012955,40.715576,-74.00735,40.737576
2013-11-05 22:34:00,2013-11-05 22:41:00,-73.983185,40.76464,-73.97973,40.756203
2013-11-04 13:19:38,2013-11-04 13:28:08,-73.99045,40.751057,-73.99752,40.736286
2013-11-03 19:04:00,2013-11-03 19:10:00,-73.984955,40.748142,-73.97462,40.75643
2013-11-06 08:10:30,2013-11-06 08:27:57,-74.002815,40.76049,-73.97771,40.755142
2013-11-06 14:32:02,2013-11-06 14:58:31,-73.97859,40.76392,-74.00817,40.7064
2013-11-07 02:13:02,2013-11-07 02:18:31,-73.98956,40.734585,-73.993385,40.74643
2013-11-06 16:54:00,2013-11-06 17:00:00,-73.989555,40.758785,-73.99043,40.75053
2013-11-07 08:56:34,2013-11-07 09:10:11,-73.975044,40.761475,-73.99437,40.735016
2013-11-02 21:06:00,2013-11-02 21:17:00,-73.99156,40.749626,-73.97516,40.74147
2013-11-02 22:02:00,2013-11-02 22:29:00,-73.975044,40.755203,-74.00872,40.74254
2013-11-05 07:02:06,2013-11-05 07:14:30,-74.00916,40.717834,-73.981125,40.75937
2013-11-04 09:23:45,2013-11-04 09:33:15,-73.97597,40.740597,-73.975525,40.75214
2013-11-07 20:10:00,2013-11-07 20:17:00,-73.99204,40.742306,-73.97417,40.7372
2013-11-01 16:03:00,2013-11-01 16:25:00,-73.97427,40.762966,-74.01464,40.713673
2013-11-01 01:56:00,2013-11-01 02:07:00,-73.994774,40.72571,-74.00668,40.716537
2013-11-07 23:05:00,2013-11-07 23:09:00,-73.986244,40.7302,-73.99609,40.732788
2013-11-01 00:33:27,2013-11-01 00:42:37,-73.992294,40.725716,-73.98667,40.739594
2013-11-02 14:34:37,2013-11-02 14:47:53,-73.99422,40.75647,-73.98805,40.732746
2013-11-02 22:12:36,2013-11-02 22:25:57,-73.98102,40.740784,-73.97609,40.76174
2013-11-07 08:08:09,2013-11-07 08:17:06,-73.98428,40.744057,-73.98357,40.755802
2013-11-04 21:18:13,2013-11-04 21:31:28,-74.008255,40.7375,-73.98719,40.701645
2013-11-04 06:00:01,2013-11-04 06:04:00,-74.01523,40.71734,-74.010025,40.72125
2013-11-03 14:43:06,2013-11-03 14:46:21,-73.998474,40.724907,-73.999664,40.733593
2013-11-03 10:38:00,2013-11-03 10:42:00,-73.99239,40.758705,-73.99473,40.75018
2013-11-06 15:12:00,2013-11-06 15:18:00,-73.98454,40.745773,-73.9747,40.759396
2013-11-06 14:08:00,2013-11-06 14:14:00,-73.98811,40.73778,-73.975464,40.733044
2013-11-05 20:41:31,2013-11-05 20:43:55,-74.00163,40.739292,-74.00092,40.736782
2013-11-04 22:18:00,2013-11-04 22:24:00,-73.9857,40.726917,-73.9802,40.745823
2013-11-03 16:08:02,2013-11-03 16:20:53,-73.99668,40.73723,-73.98897,40.749447
2013-11-05 11:12:00,2013-11-05 11:27:00,-73.98209,40.76343,-73.98516,40.743896
2013-11-03 18:57:51,2013-11-03 19:06:55,-73.99158,40.764626,-73.9704,40.756023
2013-11-03 14:28:04,2013-11-03 14:30:15,-74.01448,40.704456,-74.016685,40.706562
2013-11-05 10:20:00,2013-11-05 10:26:00,-73.99493,40.725536,-73.98335,40.734913
2013-11-01 11:06:00,2013-11-01 11:20:00,-73.97722,40.753212,-73.98978,40.739502
2013-11-07 10:13:00,2013-11-07 10:28:00,-74.00793,40.74813,-74.00396,40.72989
2013-11-04 06:20:57,2013-11-04 06:28:36,-73.99063,40.755886,-73.981995,40.75517
2013-11-05 21:01:00,2013-11-05 21:07:00,-73.989784,40.735615,-73.980865,40.747646
2013-11-03 01:47:00,2013-11-03 01:52:00,-73.97415,40.750835,-73.988365,40.757362
2013-11-02 20:53:39,2013-11-02 20:59:04,-73.97957,40.735367,-73.99201,40.725662
2013-11-02 21:22:00,2013-11-02 21:28:00,-74.00153,40.725067,-74.0041,40.73827
2013-11-03 09:54:03,2013-11-03 09:58:34,-74.00597,40.748386,-73.99528,40.74976
2013-11-07 17:53:00,2013-11-07 18:20:00,-73.98472,40.75991,-73.9971,40.719215
2013-11-02 11:41:00,2013-11-02 11:48:00,-74.00676,40.71957,-73.999054,40.717327
2013-11-05 12:54:00,2013-11-05 13:03:00,-73.99131,40.749958,-73.987495,40.733368
2013-11-03 02:49:09,2013-11-03 02:58:48,-73.98958,40.7189,-74.00958,40.70582
2013-11-03 01:50:00,2013-11-03 01:59:00,-73.99007,40.729473,-74.00432,40.716095
2013-11-04 09:15:48,2013-11-04 09:19:01,-73.98106,40.75362,-73.97036,40.752987
2013-11-03 13:17:27,2013-11-03 13:27:42,-73.97235,40.75339,-73.983154,40.765495
2013-11-01 19:23:00,2013-11-01 19:36:00,-73.9772,40.745247,-73.993576,40.71808
2013-11-07 22:52:45,2013-11-07 23:11:32,-74.0075,40.709503,-73.981995,40.761234
2013-11-01 01:07:00,2013-11-01 01:17:00,-73.9953,40.739212,-73.971756,40.762947
2013-11-07 06:44:00,2013-11-07 06:53:00,-73.99215,40.701523,-74.01044,40.713192
2013-11-06 23:46:28,2013-11-07 00:02:04,-73.98901,40.743923,-73.99361,40.718777
2013-11-07 23:04:00,2013-11-07 23:08:00,-73.99441,40.745907,-74.002846,40.734234
2013-11-06 21:22:00,2013-11-06 21:30:00,-73.99205,40.75409,-73.98587,40.740967
2013-11-07 20:13:00,2013-11-07 20:39:00,-73.97222,40.759853,-73.99256,40.719738
2013-11-02 01:11:00,2013-11-02 01:22:00,-73.99577,40.72463,-74.005714,40.7377
2013-11-04 14:06:00,2013-11-04 14:17:00,-73.97273,40.755653,-73.984474,40.748966
2013-11-04 19:12:17,2013-11-04 19:37:12,-73.96993,40.765423,-73.9973,40.736713
2013-11-01 15:05:58,2013-11-01 15:17:38,-74.00806,40.71456,-73.99284,40.73372
2013-11-02 20:14:00,2013-11-02 20:20:00,-73.997505,40.745724,-73.97963,40.740036
2013-11-04 10:06:00,2013-11-04 10:12:00,-74.00186,40.750828,-73.991035,40.758137
2013-11-01 14:40:00,2013-11-01 14:45:00,-74.00254,40.73421,-73.99167,40.73502
2013-11-05 13:31:00,2013-11-05 13:43:00,-73.97857,40.75416,-73.97783,40.758945
2013-11-07 21:12:00,2013-11-07 21:22:00,-74.005424,40.741093,-73.99119,40.75569
2013-11-04 02:40:38,2013-11-04 02:43:11,-73.9959,40.75401,-73.99887,40.742977
2013-11-06 21:00:24,2013-11-06 21:05:23,-73.98605,40.729427,-73.98907,40.734364
2013-11-06 01:05:19,2013-11-06 01:18:53,-73.987274,40.73325,-74.01468,40.710346
2013-11-02 23:03:00,2013-11-02 23:20:00,-73.99819,40.716904,-73.98336,40.729973
2013-11-01 07:52:32,2013-11-01 08:00:56,-74.00557,40.74836,-73.98563,40.752666
2013-11-02 02:20:27,2013-11-02 02:24:15,-74.00409,40.751938,-73.98837,40.76507
2013-11-05 12:57:02,2013-11-05 13:16:50,-73.97314,40.757526,-73.997025,40.725246
2013-11-05 06:18:00,2013-11-05 06:31:00,-73.97892,40.7406,-74.00988,40.721867
2013-11-03 10:35:18,2013-11-03 10:51:34,-73.988655,40.745296,-74.01173,40.709064
2013-11-05 08:00:00,2013-11-05 08:10:00,-74.0169,40.70584,-74.015434,40.714348
2013-11-02 13:40:00,2013-11-02 13:50:00,-73.984924,40.742146,-73.97145,40.75497
2013-11-03 13:32:19,2013-11-03 13:36:23,-73.983376,40.7386,-73.98974,40.72553
2013-11-05 19:56:02,2013-11-05 20:05:07,-73.994705,40.75042,-73.9743,40.75277
2013-11-07 13:10:48,2013-11-07 13:19:31,-73.980255,40.729794,-73.98329,40.738937
2013-11-01 06:18:37,2013-11-01 06:25:21,-73.989456,40.752445,-73.97239,40.754086
2013-11-03 20:24:00,2013-11-03 20:34:00,-73.98676,40.72574,-73.98766,40.710728
2013-11-06 09:14:00,2013-11-06 09:19:00,-74.00618,40.734646,-74.00255,40.7397
2013-11-04 15:06:47,2013-11-04 15:18:00,-73.9716,40.75736,-73.99432,40.74999
2013-11-02 23:05:06,2013-11-02 23:26:36,-73.98784,40.7201,-74.004814,40.752068
2013-11-02 18:22:14,2013-11-02 18:42:12,-73.98758,40.729004,-73.9835,40.75554
2013-11-03 01:14:50,2013-11-03 01:28:23,-74.004776,40.740623,-73.97832,40.74503
2013-11-02 13:40:00,2013-11-02 13:55:00,-73.995575,40.726856,-73.981636,40.75378
2013-11-04 08:33:52,2013-11-04 08:55:36,-74.00791,40.739395,-73.972305,40.75798
2013-11-04 11:28:09,2013-11-04 11:45:35,-73.97527,40.765114,-73.99988,40.762856
2013-11-03 22:23:00,2013-11-03 22:28:00,-74.000336,40.73272,-74.00452,40.716278
2013-11-07 20:14:00,2013-11-07 20:26:00,-73.98571,40.731323,-73.99172,40.74884
2013-11-03 15:02:00,2013-11-03 15:11:00,-73.99588,40.743748,-74.00093,40.72192
2013-11-06 07:22:49,2013-11-06 07:35:14,-73.98556,40.744278,-74.011375,40.704525
2013-11-07 14:40:44,2013-11-07 15:14:50,-73.99287,40.72819,-73.97351,40.760918
2013-11-01 19:12:00,2013-11-01 19:24:00,-73.981316,40.759476,-73.97708,40.74533
2013-11-07 15:12:00,2013-11-07 15:34:00,-73.98353,40.74988,-73.97219,40.75559
2013-11-04 22:37:42,2013-11-04 22:45:26,-74.005974,40.735725,-73.98595,40.7319
2013-11-02 15:32:00,2013-11-02 15:48:00,-73.97715,40.738804,-73.991035,40.755844
2013-11-03 00:14:34,2013-11-03 00:19:57,-73.99505,40.728928,-74.00089,40.73087
2013-11-05 14:10:00,2013-11-05 14:18:00,-73.981445,40.75791,-73.99641,40.75338
2013-11-02 02:21:53,2013-11-02 02:34:20,-74.00647,40.73973,-73.97466,40.752377
2013-11-05 09:02:00,2013-11-05 09:08:00,-73.97503,40.744137,-73.977745,40.75145
2013-11-05 18:59:41,2013-11-05 19:10:58,-74.00831,40.734455,-74.00177,40.726273
2013-11-04 22:11:00,2013-11-04 22:23:00,-73.988525,40.735207,-74.004616,40.706493
2013-11-01 21:49:00,2013-11-01 22:04:00,-73.99371,40.732788,-74.0026,40.7503
2013-11-07 19:18:00,2013-11-07 19:31:00,-73.989845,40.75627,-73.98328,40.75051
2013-11-03 01:24:00,2013-11-03 01:42:00,-73.99745,40.721966,-73.992355,40.75842
2013-11-05 10:37:00,2013-11-05 10:51:00,-74.00528,40.740177,-74.00024,40.7238
2013-11-03 13:10:00,2013-11-03 13:17:00,-74.00559,40.73809,-74.01326,40.71667
2013-11-01 08:31:00,2013-11-01 08:41:00,-74.016106,40.710777,-74.00895,40.731167
2013-11-02 16:23:02,2013-11-02 16:28:37,-73.999954,40.73854,-74.00327,40.72542
2013-11-01 19:26:06,2013-11-01 19:37:55,-74.00022,40.758488,-73.99175,40.74075
2013-11-01 13:10:53,2013-11-01 13:25:42,-73.975174,40.760937,-73.98493,40.74496
2013-11-02 12:43:43,2013-11-02 13:01:12,-73.99601,40.764183,-73.99949,40.73093
2013-11-06 13:32:00,2013-11-06 13:55:00,-74.00702,40.715965,-73.97475,40.75238
2013-11-03 11:05:18,2013-11-03 11:15:43,-73.97504,40.73317,-73.99962,40.734467
2013-11-02 17:57:00,2013-11-02 18:07:00,-74.00944,40.712772,-73.98885,40.74845
2013-11-05 14:22:00,2013-11-05 14:31:00,-73.98408,40.737534,-73.996475,40.742992
2013-11-02 13:39:00,2013-11-02 13:58:00,-73.99395,40.735397,-74.001434,40.724377
2013-11-06 14:11:42,2013-11-06 14:26:33,-73.9845,40.75249,-74.006836,40.726578
2013-11-03 15:03:00,2013-11-03 15:12:00,-74.00486,40.707363,-73.985664,40.73163
2013-11-03 17:16:00,2013-11-03 17:24:00,-73.99241,40.7437,-73.98527,40.72903
2013-11-02 12:51:00,2013-11-02 13:12:00,-74.01054,40.711956,-73.97794,40.76453
2013-11-03 15:18:03,2013-11-03 15:24:12,-73.97702,40.759296,-73.98561,40.76036
2013-11-07 22:58:00,2013-11-07 23:08:00,-73.976364,40.756496,-74.00437,40.74777
2013-11-04 06:54:10,2013-11-04 06:56:23,-73.990265,40.756916,-73.98349,40.7609
2013-11-04 09:03:00,2013-11-04 09:17:00,-73.97889,40.761322,-73.9904,40.75667
2013-11-02 20:31:00,2013-11-02 20:35:00,-74.01342,40.705334,-74.007416,40.71022
2013-11-04 22:13:00,2013-11-04 22:22:00,-73.994026,40.73524,-73.99776,40.719486
2013-11-03 01:18:34,2013-11-03 01:25:39,-74.00332,40.743687,-73.98535,40.75182
2013-11-05 18:48:00,2013-11-05 19:03:00,-73.98102,40.74615,-73.98524,40.720585
2013-11-01 22:13:00,2013-11-01 22:20:00,-73.9926,40.73814,-74.00734,40.741272
2013-11-05 14:01:00,2013-11-05 14:16:00,-73.98402,40.75427,-73.99152,40.73155
2013-11-03 22:29:00,2013-11-03 22:36:00,-73.98675,40.747955,-73.972984,40.75682
2013-11-01 15:29:47,2013-11-01 15:42:40,-73.97822,40.764114,-73.98148,40.75238
2013-11-06 10:32:00,2013-11-06 10:56:00,-74.00804,40.70842,-73.97362,40.75669
2013-11-07 21:04:48,2013-11-07 21:12:52,-73.97849,40.752205,-73.99493,40.7463
2013-11-06 09:08:07,2013-11-06 09:29:47,-74.009766,40.726013,-73.992226,40.75438
2013-11-05 08:39:00,2013-11-05 08:52:00,-74.007835,40.740295,-74.00878,40.71298
2013-11-01 00:15:16,2013-11-01 00:23:47,-73.99312,40.749256,-73.993935,40.73405
2013-11-05 10:08:00,2013-11-05 10:36:00,-74.01466,40.70986,-73.973656,40.757336
2013-11-05 19:25:22,2013-11-05 19:37:13,-74.0076,40.7409,-74.00445,40.732082
2013-11-03 21:25:13,2013-11-03 21:34:47,-74.00482,40.73748,-73.981995,40.74627
2013-11-02 04:39:00,2013-11-02 04:52:00,-73.98918,40.730404,-73.99762,40.75662
2013-11-03 03:43:00,2013-11-03 03:52:00,-73.99912,40.72814,-73.98108,40.73978
2013-11-01 19:10:17,2013-11-01 19:26:35,-74.00466,40.72116,-73.99817,40.740322
2013-11-07 09:05:25,2013-11-07 09:12:26,-73.98232,40.74552,-73.97498,40.741486
2013-11-02 18:11:14,2013-11-02 18:27:46,-74.01426,40.70323,-73.97956,40.751766
2013-11-02 14:47:00,2013-11-02 15:04:00,-74.00269,40.72184,-74.00814,40.740406
2013-11-07 00:35:00,2013-11-07 00:40:00,-73.99734,40.72122,-73.988365,40.725796
2013-11-05 23:11:00,2013-11-05 23:17:00,-73.9719,40.76551,-73.97221,40.75525
2013-11-02 12:13:43,2013-11-02 12:26:30,-73.982544,40.76221,-73.984474,40.73209
2013-11-05 10:19:00,2013-11-05 10:25:00,-74.00825,40.731224,-74.006424,40.74437
2013-11-06 18:39:26,2013-11-06 18:46:55,-73.99153,40.74998,-73.98514,40.739635
2013-11-05 21:08:00,2013-11-05 21:27:00,-73.99721,40.71672,-73.977905,40.75021
2013-11-03 20:27:00,2013-11-03 20:39:00,-73.971115,40.751976,-73.98293,40.722828
2013-11-06 19:11:00,2013-11-06 19:23:00,-73.988815,40.755463,-73.9697,40.761192
2013-11-01 05:21:00,2013-11-01 05:29:00,-73.976814,40.75192,-73.993965,40.749134
2013-11-02 06:07:00,2013-11-02 06:10:00,-73.99588,40.738728,-73.98124,40.75891
2013-11-07 08:32:00,2013-11-07 08:34:00,-73.98031,40.76464,-73.984116,40.75923
2013-11-05 11:37:06,2013-11-05 11:52:31,-73.97523,40.756115,-73.98748,40.75072
2013-11-05 21:51:00,2013-11-05 22:06:00,-73.977684,40.725708,-73.990875,40.755753
2013-11-04 22:14:00,2013-11-04 22:20:00,-73.98923,40.71842,-73.991844,40.72595
2013-11-03 19:02:10,2013-11-03 19:10:04,-73.98289,40.742096,-73.99181,40.74903
2013-11-05 18:33:34,2013-11-05 18:39:27,-73.97001,40.753292,-73.96967,40.762882
2013-11-05 22:09:00,2013-11-05 22:11:00,-73.99875,40.734123,-73.99537,40.742367
2013-11-05 09:10:11,2013-11-05 09:20:19,-73.97991,40.734802,-74.00806,40.71012
2013-11-03 11:44:01,2013-11-03 11:51:23,-73.98195,40.74629,-73.98478,40.728897
2013-11-07 09:00:00,2013-11-07 09:08:00,-73.99116,40.74982,-73.98711,40.74293
2013-11-07 10:16:18,2013-11-07 10:43:13,-73.9911,40.731102,-73.99212,40.75378
2013-11-03 00:53:10,2013-11-03 01:08:13,-73.98784,40.72091,-74.00217,40.7336
2013-11-01 08:47:47,2013-11-01 08:49:02,-73.98674,40.755093,-73.9884,40.751907
2013-11-06 09:13:00,2013-11-06 09:21:00,-74.00507,40.718987,-74.00801,40.746128
2013-11-02 01:57:35,2013-11-02 02:04:53,-74.00058,40.73578,-73.988205,40.73197
2013-11-05 06:25:00,2013-11-05 06:29:00,-73.98245,40.739338,-73.986015,40.740658
2013-11-07 09:25:21,2013-11-07 09:29:14,-74.00703,40.734818,-73.99972,40.73416
2013-11-02 00:07:00,2013-11-02 00:15:00,-73.99763,40.74153,-74.00213,40.71931
2013-11-04 13:53:00,2013-11-04 14:04:00,-73.974686,40.76191,-73.98598,40.7535
2013-11-02 02:32:15,2013-11-02 02:39:40,-74.00004,40.72863,-74.00337,40.741623
2013-11-03 01:53:00,2013-11-03 02:03:00,-73.989914,40.7296,-73.96951,40.751266
2013-11-06 19:31:21,2013-11-06 19:51:36,-73.97904,40.76183,-73.979225,40.759636
2013-11-03 22:48:08,2013-11-03 22:53:34,-73.99699,40.714622,-73.984085,40.729282
2013-11-04 05:43:00,2013-11-04 05:46:00,-73.99433,40.741127,-73.98147,40.759525
2013-11-02 14:40:00,2013-11-02 14:51:00,-73.98153,40.72877,-74.00328,40.734863
2013-11-06 08:09:00,2013-11-06 08:13:00,-73.98822,40.753292,-73.98995,40.742123
2013-11-01 11:17:57,2013-11-01 11:45:40,-74.010124,40.72098,-73.98268,40.758083
2013-11-01 08:49:13,2013-11-01 09:00:39,-73.98408,40.76027,-73.98436,40.75162
2013-11-02 22:30:20,2013-11-02 22:47:44,-74.002075,40.72642,-73.97166,40.76256
2013-11-06 15:23:14,2013-11-06 15:25:47,-73.97306,40.74888,-73.97929,40.747166
2013-11-05 22:10:23,2013-11-05 22:15:11,-73.98455,40.728764,-73.97121,40.751278
2013-11-04 14:45:51,2013-11-04 14:59:15,-73.9909,40.75046,-74.00622,40.711456
2013-11-06 17:30:19,2013-11-06 17:38:27,-73.9816,40.744503,-73.998375,40.73214
2013-11-01 23:32:17,2013-11-01 23:36:32,-73.98906,40.730568,-73.99634,40.73713
2013-11-06 10:56:51,2013-11-06 11:15:10,-73.977585,40.75265,-73.99778,40.725395
2013-11-06 18:57:33,2013-11-06 19:09:08,-73.98819,40.73462,-74.00527,40.74821
2013-11-02 13:25:00,2013-11-02 13:38:00,-73.98386,40.72162,-74.00182,40.740635
2013-11-04 01:01:24,2013-11-04 01:05:18,-74.008224,40.738205,-73.99599,40.74438
2013-11-01 21:11:58,2013-11-01 21:34:37,-73.982475,40.757004,-74.00377,40.722588
2013-11-01 13:06:00,2013-11-01 13:09:00,-74.00396,40.74289,-74.0001,40.73788
2013-11-05 10:30:00,2013-11-05 10:34:00,-73.99718,40.742264,-74.00145,40.732056
2013-11-03 21:34:00,2013-11-03 21:39:00,-73.99183,40.749084,-73.9847,40.745213
2013-11-07 21:17:33,2013-11-07 21:22:05,-73.9982,40.740482,-73.99833,40.73517
2013-11-02 12:35:04,2013-11-02 12:56:25,-73.96979,40.74864,-73.98601,40.75196
2013-11-06 11:06:00,2013-11-06 11:33:00,-73.99603,40.75375,-73.97907,40.75305
2013-11-04 07:20:00,2013-11-04 07:23:00,-73.99187,40.74996,-73.983696,40.755375
2013-11-05 08:31:25,2013-11-05 08:39:49,-73.99858,40.760654,-73.98438,40.761253
2013-11-06 13:20:00,2013-11-06 13:26:00,-73.9768,40.749397,-73.990746,40.739716
2013-11-06 10:49:49,2013-11-06 11:22:42,-74.00634,40.727516,-73.984856,40.757645
2013-11-04 15:46:44,2013-11-04 16:00:15,-73.982735,40.75955,-73.99231,40.749054
2013-11-06 20:58:00,2013-11-06 21:22:00,-73.96987,40.76574,-74.01036,40.719543
2013-11-01 22:58:00,2013-11-01 23:21:00,-74.00078,40.730766,-73.97983,40.763287
2013-11-06 11:33:00,2013-11-06 11:39:00,-73.98636,40.74072,-73.97734,40.736553
2013-11-04 19:34:00,2013-11-04 19:40:00,-73.98616,40.740005,-73.99888,40.732307
2013-11-01 06:59:59,2013-11-01 07:05:17,-73.98596,40.75214,-73.97477,40.75704
2013-11-07 10:10:00,2013-11-07 10:22:18,-73.9917,40.75566,-73.97847,40.763268
2013-11-03 08:22:24,2013-11-03 08:22:48,-73.99552,40.742493,-73.995514,40.74247
2013-11-07 19:31:00,2013-11-07 19:46:00,-73.9928,40.730743,-74.004265,40.742233
2013-11-06 10:39:00,2013-11-06 10:47:00,-74.002075,40.7506,-73.99598,40.744476
2013-11-01 06:07:41,2013-11-01 06:10:37,-73.990036,40.75679,-73.980156,40.759777
2013-11-01 11:33:41,2013-11-01 11:46:05,-73.99914,40.75427,-73.996414,40.747093
2013-11-03 18:06:00,2013-11-03 18:13:00,-73.97691,40.7511,-73.990776,40.751186
2013-11-07 19:48:00,2013-11-07 20:04:00,-73.96965,40.759933,-73.97558,40.732758
2013-11-03 01:56:28,2013-11-03 01:56:28,-73.99727,40.71957,-74.00638,40.713535
2013-11-04 10:34:59,2013-11-04 10:52:52,-73.989174,40.745316,-73.98455,40.757015
2013-11-05 10:46:50,2013-11-05 10:56:47,-73.98403,40.74649,-74.00268,40.734097
2013-11-02 17:24:38,2013-11-02 17:30:25,-74.001434,40.74093,-73.98377,40.743427
2013-11-01 15:06:22,2013-11-01 16:02:07,-73.98455,40.72873,-73.99826,40.75602
2013-11-06 21:36:51,2013-11-06 21:44:28,-73.99148,40.755283,-73.98243,40.744965
2013-11-06 14:33:00,2013-11-06 14:43:00,-74.00758,40.72602,-74.002914,40.74949
2013-11-01 18:24:38,2013-11-01 18:34:29,-73.98689,40.755608,-73.99994,40.74028
2013-11-01 20:43:36,2013-11-01 20:50:47,-73.98794,40.74376,-73.986145,40.75608
2013-11-05 01:42:06,2013-11-05 01:47:29,-73.97889,40.762154,-73.98241,40.75571
2013-11-02 18:38:00,2013-11-02 18:47:00,-73.98165,40.736477,-74.00612,40.741287
2013-11-05 23:05:35,2013-11-05 23:13:57,-73.9901,40.73833,-73.98879,40.762745
2013-11-06 02:17:11,2013-11-06 02:24:25,-73.97888,40.740795,-74.0035,40.733562
2013-11-02 17:22:00,2013-11-02 17:32:00,-73.974655,40.741985,-73.99083,40.74845
2013-11-07 12:41:48,2013-11-07 13:00:24,-73.99176,40.74153,-74.00186,40.755817
2013-11-01 10:18:20,2013-11-01 10:26:42,-73.99312,40.752144,-73.991486,40.76219
2013-11-05 09:43:00,2013-11-05 10:15:00,-73.982666,40.727142,-73.98271,40.765755
2013-11-01 19:56:00,2013-11-01 20:00:00,-73.99605,40.724182,-73.97877,40.75621
2013-11-06 18:42:41,2013-11-06 19:05:15,-73.98208,40.76231,-74.00117,40.73167
2013-11-02 04:35:00,2013-11-02 04:40:00,-73.98186,40.74944,-73.97379,40.743855
2013-11-07 17:49:00,2013-11-07 18:35:00,-74.00494,40.706833,-73.97955,40.76154
2013-11-04 16:54:11,2013-11-04 17:00:17,-73.97545,40.763027,-73.98517,40.760838
2013-11-07 01:53:00,2013-11-07 01:56:00,-73.98731,40.7508,-73.9844,40.76174
2013-11-07 18:38:00,2013-11-07 18:51:17,-73.99725,40.736523,-73.99059,40.75838
2013-11-04 06:00:39,2013-11-04 06:04:18,-73.988785,40.75076,-73.97958,40.750874
2013-11-04 06:54:55,2013-11-04 07:04:33,-73.99479,40.760487,-73.973145,40.75387
2013-11-05 01:21:45,2013-11-05 01:34:07,-74.00015,40.730072,-73.99146,40.759174
2013-11-02 16:04:53,2013-11-02 16:11:56,-73.990906,40.74534,-73.97782,40.76372
2013-11-07 09:32:00,2013-11-07 09:51:00,-73.97732,40.753613,-74.0007,40.727245
2013-11-03 22:16:50,2013-11-03 22:26:28,-73.99082,40.75076,-73.98268,40.7323
2013-11-01 07:12:00,2013-11-01 07:24:00,-73.982124,40.721077,-74.009964,40.72153
2013-11-07 15:05:00,2013-11-07 15:25:00,-73.970726,40.761913,-73.99033,40.741993
2013-11-03 19:29:22,2013-11-03 19:41:01,-73.97677,40.74839,-74.01581,40.706528
2013-11-03 01:00:23,2013-11-03 01:11:41,-73.97647,40.74389,-74.00955,40.70484
2013-11-02 18:04:52,2013-11-02 18:15:59,-73.991455,40.749588,-73.97656,40.765133
2013-11-05 21:37:56,2013-11-05 21:57:18,-73.99807,40.740936,-73.98832,40.71846
2013-11-07 03:06:00,2013-11-07 03:15:00,-74.00277,40.74975,-73.986855,40.72666
2013-11-05 19:34:00,2013-11-05 19:41:00,-74.00542,40.75087,-73.98837,40.74864
2013-11-02 15:16:15,2013-11-02 15:18:23,-73.97051,40.76508,-73.973526,40.763752
2013-11-02 15:21:00,2013-11-02 15:31:00,-74.00075,40.727337,-73.98767,40.7214
2013-11-07 17:54:00,2013-11-07 18:02:00,-73.9891,40.756603,-73.978264,40.750103
2013-11-04 07:44:33,2013-11-04 07:59:48,-73.993614,40.72732,-73.990105,40.764828
2013-11-01 00:51:00,2013-11-01 01:02:00,-73.98997,40.7247,-74.00123,40.717648
2013-11-03 05:14:47,2013-11-03 05:18:23,-74.00266,40.718468,-74.00082,40.710506
2013-11-07 14:13:09,2013-11-07 14:31:59,-73.96959,40.763634,-73.97686,40.756527
2013-11-03 14:19:38,2013-11-03 14:34:14,-74.00782,40.705257,-74.00026,40.742653
2013-11-06 00:42:31,2013-11-06 00:46:05,-73.99898,40.721348,-74.008705,40.7244
2013-11-02 03:01:24,2013-11-02 03:06:11,-73.99185,40.72655,-73.99918,40.732574
2013-11-05 09:08:00,2013-11-05 09:11:00,-73.99006,40.7344,-73.98767,40.73838
2013-11-02 19:41:00,2013-11-02 19:46:00,-74.010216,40.718887,-74.0057,40.72631
2013-11-03 06:03:00,2013-11-03 06:13:00,-73.97275,40.756306,-74.01072,40.701958
2013-11-03 21:09:00,2013-11-03 21:18:00,-74.01504,40.715763,-73.99553,40.72505
2013-11-03 17:33:00,2013-11-03 17:37:00,-73.99266,40.723785,-73.98423,40.732086
2013-11-02 11:59:00,2013-11-02 12:15:00,-73.99038,40.75653,-74.003235,40.725353
2013-11-02 13:52:08,2013-11-02 14:17:36,-73.998024,40.740856,-73.9698,40.755383
2013-11-04 10:47:42,2013-11-04 11:04:05,-74.00994,40.70332,-73.97236,40.756714
2013-11-06 15:50:40,2013-11-06 15:57:03,-74.00111,40.731625,-73.99261,40.734222
2013-11-05 18:53:00,2013-11-05 18:56:00,-73.97781,40.742348,-73.98506,40.739918
2013-11-05 10:03:00,2013-11-05 10:11:00,-73.98342,40.738537,-73.97121,40.750927
2013-11-04 13:45:27,2013-11-04 13:52:34,-74.00375,40.738216,-74.00301,40.731243
2013-11-03 14:55:00,2013-11-03 15:07:00,-73.992905,40.730316,-74.01586,40.716213
2013-11-03 15:45:05,2013-11-03 15:56:26,-74.005936,40.72759,-73.98584,40.7108
2013-11-03 00:06:55,2013-11-03 00:14:07,-74.0055,40.746086,-73.9859,40.761913
2013-11-05 19:14:00,2013-11-05 19:18:00,-73.98831,40.737938,-73.98256,40.74534
2013-11-05 20:32:00,2013-11-05 20:41:00,-73.97332,40.763706,-73.977745,40.746136
2013-11-03 14:42:00,2013-11-03 14:48:00,-74.00387,40.73263,-73.99836,40.72363
2013-11-03 04:47:46,2013-11-03 04:57:16,-74.008224,40.73808,-74.01267,40.701675
2013-11-03 10:53:32,2013-11-03 10:59:33,-73.99363,40.75734,-73.97989,40.752678
2013-11-01 13:24:18,2013-11-01 13:37:34,-73.97873,40.736603,-74.00204,40.72823
2013-11-03 05:11:00,2013-11-03 05:20:00,-74.005104,40.75143,-73.98526,40.72771
2013-11-03 00:40:00,2013-11-03 00:45:00,-73.99768,40.756626,-74.008835,40.74069
2013-11-07 17:09:40,2013-11-07 17:17:13,-74.007355,40.7296,-73.99686,40.725582
2013-11-04 07:21:00,2013-11-04 07:30:00,-73.99397,40.75119,-73.97394,40.760674
2013-11-05 19:16:00,2013-11-05 19:26:00,-73.99753,40.721577,-74.01376,40.70808
2013-11-02 23:53:00,2013-11-03 00:03:00,-73.99508,40.725143,-73.991554,40.749077
2013-11-07 14:46:00,2013-11-07 14:59:00,-73.99335,40.741467,-73.99767,40.723164
2013-11-05 21:50:54,2013-11-05 22:01:23,-73.98939,40.756847,-73.98241,40.741024
2013-11-02 23:00:25,2013-11-02 23:14:14,-73.98737,40.738346,-73.998085,40.718
2013-11-01 00:06:06,2013-11-01 00:18:24,-74.00191,40.740562,-73.985954,40.742897
2013-11-07 16:48:00,2013-11-07 17:06:00,-74.000694,40.72071,-73.97454,40.736526
2013-11-04 09:53:30,2013-11-04 10:06:51,-73.978,40.74891,-73.9779,40.76327
2013-11-06 11:10:00,2013-11-06 11:36:00,-74.00526,40.748257,-73.996506,40.724564
2013-11-06 20:45:00,2013-11-06 20:55:00,-74.007065,40.713257,-73.97728,40.75171
2013-11-07 12:45:38,2013-11-07 12:50:13,-73.9918,40.759766,-73.99929,40.75002
2013-11-07 16:43:00,2013-11-07 16:46:00,-74.00037,40.7469,-73.99115,40.742264
2013-11-05 07:02:00,2013-11-05 07:08:00,-73.99047,40.75632,-73.98049,40.761627
2013-11-04 08:19:10,2013-11-04 08:24:15,-73.97648,40.76446,-73.9765,40.75894
2013-11-07 00:08:07,2013-11-07 00:10:50,-73.97341,40.7578,-73.97853,40.756905
2013-11-02 22:11:00,2013-11-02 22:27:00,-73.985,40.764153,-73.99244,40.74493
2013-11-02 12:18:34,2013-11-02 12:30:08,-74.0048,40.734753,-74.01446,40.709766
2013-11-06 09:38:11,2013-11-06 09:44:38,-74.00404,40.742813,-74.00778,40.732883
2013-11-05 08:25:00,2013-11-05 08:32:00,-74.01447,40.71789,-74.00802,40.70357
2013-11-05 17:23:35,2013-11-05 17:32:26,-73.97415,40.757023,-73.978355,40.764698
2013-11-05 22:32:10,2013-11-05 22:39:54,-73.997475,40.756367,-73.98656,40.740093
2013-11-02 22:35:02,2013-11-02 22:35:57,-73.9913,40.750282,-73.99151,40.749783
2013-11-03 22:58:00,2013-11-03 23:05:00,-74.001366,40.736282,-73.98825,40.724213
2013-11-02 19:10:00,2013-11-02 19:12:00,-73.98855,40.72309,-73.984505,40.724533
2013-11-01 23:01:00,2013-11-01 23:15:00,-73.997345,40.71418,-74.005394,40.73968
2013-11-02 20:32:01,2013-11-02 20:48:07,-74.00719,40.707043,-73.97169,40.762913
2013-11-01 02:55:00,2013-11-01 03:03:00,-73.992386,40.743755,-73.998886,40.72803
2013-11-02 19:19:02,2013-11-02 19:24:19,-73.9878,40.753517,-73.99916,40.743916
2013-11-06 11:08:58,2013-11-06 11:30:38,-73.97583,40.76568,-73.99859,40.723335
2013-11-01 10:21:12,2013-11-01 10:37:23,-73.986084,40.743977,-74.0155,40.7114
2013-11-07 08:44:05,2013-11-07 08:48:43,-73.985954,40.759193,-73.99603,40.753925
2013-11-01 21:40:09,2013-11-01 21:48:38,-73.9881,40.743633,-73.97798,40.71338
2013-11-03 11:30:07,2013-11-03 11:33:00,-73.99402,40.74613,-73.9881,40.74933
2013-11-07 15:06:00,2013-11-07 15:21:00,-74.00739,40.727734,-73.99503,40.750374
2013-11-04 14:12:44,2013-11-04 14:22:07,-73.98972,40.740334,-74.0014,40.73222
2013-11-05 10:33:00,2013-11-05 10:40:00,-73.98293,40.739025,-73.9899,40.730427
2013-11-06 21:06:00,2013-11-06 21:21:00,-74.00166,40.727837,-73.974236,40.75378
2013-11-07 07:50:49,2013-11-07 08:08:51,-73.99422,40.750977,-74.01466,40.70989
2013-11-01 21:47:22,2013-11-01 21:55:40,-73.993645,40.720993,-73.982376,40.7278
2013-11-03 21:46:00,2013-11-03 21:51:00,-73.98597,40.730854,-73.98125,40.742226
2013-11-07 17:01:00,2013-11-07 17:10:00,-73.98871,40.73644,-73.98955,40.730206
2013-11-02 00:38:00,2013-11-02 00:53:00,-73.9821,40.757633,-74.00835,40.740524
2013-11-07 18:46:00,2013-11-07 19:04:00,-73.97616,40.75066,-74.00731,40.74108
2013-11-03 16:51:00,2013-11-03 17:16:00,-73.99597,40.725006,-73.97722,40.76306
2013-11-02 00:26:29,2013-11-02 00:37:16,-73.97732,40.72592,-73.98442,40.7479
2013-11-03 00:02:00,2013-11-03 00:12:00,-73.98043,40.742607,-74.00071,40.73603
2013-11-01 21:26:00,2013-11-01 21:32:00,-74.00828,40.73696,-74.00273,40.76057
2013-11-07 07:47:00,2013-11-07 07:54:00,-73.98493,40.728046,-73.9953,40.739456
2013-11-02 00:04:15,2013-11-02 00:15:12,-74.00498,40.73743,-73.9815,40.76396
2013-11-07 21:05:33,2013-11-07 21:13:11,-74.00873,40.70432,-74.01134,40.723732
2013-11-01 23:22:00,2013-11-01 23:29:00,-74.01133,40.703533,-74.00838,40.715927
2013-11-01 03:36:00,2013-11-01 03:43:00,-73.99902,40.734238,-73.99093,40.75641
2013-11-03 18:25:00,2013-11-03 18:36:00,-73.98535,40.748283,-73.97271,40.76486
2013-11-07 22:56:00,2013-11-07 23:02:00,-73.989624,40.753853,-73.986984,40.741604
2013-11-05 19:49:00,2013-11-05 19:53:00,-74.0075,40.725746,-74.00375,40.737587
2013-11-07 21:27:55,2013-11-07 21:33:48,-73.999084,40.734188,-73.98708,40.72986
2013-11-01 19:26:00,2013-11-01 19:32:00,-73.99568,40.754246,-73.99709,40.742184
2013-11-07 13:53:46,2013-11-07 14:11:13,-73.97694,40.75306,-74.00363,40.721264
2013-11-03 11:49:00,2013-11-03 12:07:00,-73.99136,40.739967,-73.97887,40.75337
2013-11-05 15:57:00,2013-11-05 16:24:00,-74.00469,40.741875,-73.985405,40.756474
2013-11-01 22:56:01,2013-11-01 23:10:38,-73.983116,40.726006,-74.008705,40.713787
2013-11-01 22:28:46,2013-11-01 22:30:35,-73.97765,40.75026,-73.98266,40.742462
2013-11-06 11:28:00,2013-11-06 11:38:00,-73.97761,40.75252,-73.99015,40.73738
2013-11-06 13:11:00,2013-11-06 13:27:00,-73.98034,40.749195,-73.9965,40.763317
2013-11-07 01:14:00,2013-11-07 01:22:00,-74.00232,40.72185,-74.00459,40.736732
2013-11-02 17:24:12,2013-11-02 17:35:32,-73.98791,40.721043,-73.996895,40.725437
2013-11-06 13:00:00,2013-11-06 13:24:00,-73.98878,40.744587,-73.974144,40.76486
2013-11-02 02:36:37,2013-11-02 02:44:15,-73.98502,40.763268,-73.98954,40.7489
2013-11-05 11:42:00,2013-11-05 11:50:00,-73.987045,40.75955,-73.97996,40.761597
2013-11-04 07:52:00,2013-11-04 08:05:00,-74.007164,40.715816,-73.99478,40.7503
2013-11-06 06:55:14,2013-11-06 06:59:18,-73.983154,40.761127,-73.97115,40.7559
2013-11-03 07:07:31,2013-11-03 07:15:17,-73.99734,40.72166,-74.015564,40.70488
2013-11-03 23:11:00,2013-11-03 23:15:00,-73.98432,40.759884,-73.9798,40.74972
2013-11-02 10:45:30,2013-11-02 10:50:44,-74.00967,40.714916,-74.01596,40.71129
2013-11-03 16:09:00,2013-11-03 16:25:00,-74.00812,40.747726,-73.9783,40.74547
2013-11-02 19:48:28,2013-11-02 19:59:54,-73.97067,40.757317,-73.98337,40.743732
2013-11-04 16:18:33,2013-11-04 16:24:35,-73.97395,40.762817,-73.98459,40.748768
2013-11-02 16:37:25,2013-11-02 16:45:51,-74.00129,40.741093,-73.98282,40.74516
2013-11-07 11:29:21,2013-11-07 11:39:33,-73.98694,40.75273,-73.98954,40.73761
2013-11-01 13:33:20,2013-11-01 13:48:53,-73.99067,40.740242,-73.99888,40.76114
2013-11-02 12:12:00,2013-11-02 12:19:00,-73.98797,40.723896,-73.99786,40.733654
2013-11-03 19:21:35,2013-11-03 19:34:18,-73.98609,40.74636,-73.97926,40.7276
2013-11-07 09:10:43,2013-11-07 09:31:00,-73.99411,40.741173,-73.97035,40.753445
2013-11-02 00:42:00,2013-11-02 01:04:00,-73.981705,40.728363,-73.98816,40.701706
2013-11-05 07:53:56,2013-11-05 08:05:05,-74.00832,40.722145,-73.98469,40.7544
2013-11-07 08:17:05,2013-11-07 08:40:37,-74.00702,40.716194,-73.9785,40.762352
2013-11-01 08:20:00,2013-11-01 08:36:00,-73.97356,40.74791,-73.99954,40.722027
2013-11-01 21:39:22,2013-11-01 21:58:39,-73.99346,40.75255,-74.00058,40.730064
2013-11-07 09:12:21,2013-11-07 09:17:07,-73.98889,40.75795,-74.00065,40.75846
2013-11-07 20:03:00,2013-11-07 20:18:00,-73.9856,40.72692,-74.00164,40.740276
2013-11-05 19:28:53,2013-11-05 19:41:19,-73.97526,40.743507,-73.98679,40.749413
2013-11-07 10:33:00,2013-11-07 10:46:00,-74.01479,40.718197,-73.99778,40.72407
2013-11-01 10:46:00,2013-11-01 11:03:00,-73.97379,40.755314,-73.98521,40.76424
2013-11-01 07:49:34,2013-11-01 07:58:26,-73.99318,40.752655,-73.99698,40.735695
2013-11-02 23:21:00,2013-11-02 23:30:00,-73.982765,40.753452,-73.97273,40.749897
2013-11-01 16:58:00,2013-11-01 17:46:00,-73.969734,40.75724,-73.97178,40.76024
2013-11-05 03:12:00,2013-11-05 03:19:00,-73.98623,40.722477,-74.0062,40.733093
2013-11-07 00:05:49,2013-11-07 00:14:32,-74.01045,40.729862,-73.98807,40.74592
2013-11-07 11:32:46,2013-11-07 11:47:45,-73.98394,40.754856,-73.9697,40.759457
2013-11-04 13:38:34,2013-11-04 14:04:58,-74.00622,40.714497,-73.99323,40.75293
2013-11-01 05:22:20,2013-11-01 05:27:24,-74.00384,40.753082,-73.99652,40.74201
2013-11-02 22:07:00,2013-11-02 22:14:00,-74.00542,40.72121,-74.00457,40.70781
2013-11-06 15:21:59,2013-11-06 15:40:59,-73.98643,40.746086,-73.98552,40.75953
2013-11-02 02:59:43,2013-11-02 03:06:49,-73.989174,40.721886,-73.99352,40.741463
2013-11-07 08:37:21,2013-11-07 08:58:45,-73.99138,40.750053,-73.97368,40.754616
2013-11-03 16:50:44,2013-11-03 16:58:05,-74.002045,40.7392,-73.99088,40.729717
2013-11-03 02:49:00,2013-11-03 03:01:00,-74.00635,40.73312,-73.97126,40.748127
2013-11-07 18:59:00,2013-11-07 19:02:00,-73.99911,40.749493,-74.00546,40.739532
2013-11-06 01:10:00,2013-11-06 01:21:00,-74.00284,40.725063,-73.973885,40.748997
2013-11-01 00:34:00,2013-11-01 00:39:00,-73.983604,40.761147,-73.99411,40.75569
2013-11-06 20:29:00,2013-11-06 20:32:00,-73.99198,40.759754,-73.98716,40.760746
2013-11-03 03:44:00,2013-11-03 03:47:00,-73.98245,40.73138,-73.9742,40.731377
2013-11-01 22:10:00,2013-11-01 22:24:00,-74.0029,40.760418,-73.995285,40.733784
2013-11-07 18:34:52,2013-11-07 18:49:54,-73.98498,40.74878,-73.9783,40.729485
2013-11-02 20:31:24,2013-11-02 20:43:03,-73.981316,40.733295,-74.007996,40.745007
2013-11-06 14:30:00,2013-11-06 14:40:00,-73.97881,40.74484,-73.97292,40.753433
2013-11-07 15:30:21,2013-11-07 15:46:28,-73.97268,40.752808,-73.98484,40.72018
2013-11-03 22:58:20,2013-11-03 23:10:49,-74.007225,40.740013,-74.00039,40.71988
2013-11-04 05:34:00,2013-11-04 05:40:00,-73.98569,40.722183,-73.9922,40.74361
2013-11-03 19:12:11,2013-11-03 19:18:48,-74.00411,40.733444,-73.99307,40.743195
2013-11-02 01:25:00,2013-11-02 01:33:00,-73.99791,40.741135,-73.98654,40.730167
2013-11-04 19:31:00,2013-11-04 19:37:00,-73.99911,40.744507,-73.98846,40.759144
2013-11-06 14:30:00,2013-11-06 14:47:00,-73.98194,40.74062,-73.97577,40.76087
2013-11-02 20:46:44,2013-11-02 20:56:01,-73.99172,40.74994,-73.98805,40.728657
2013-11-06 23:31:30,2013-11-06 23:40:16,-73.99539,40.74988,-73.973434,40.74391
2013-11-06 19:54:00,2013-11-06 20:00:00,-73.991234,40.742092,-73.98016,40.735138
2013-11-01 12:41:19,2013-11-01 12:51:56,-74.00734,40.727486,-73.99294,40.734062
2013-11-04 10:24:00,2013-11-04 10:44:00,-74.00649,40.737133,-73.9784,40.750874
2013-11-01 20:32:59,2013-11-01 20:56:05,-73.98231,40.76379,-73.98093,40.763233
2013-11-01 09:02:39,2013-11-01 09:09:13,-74.00859,40.72168,-73.99707,40.725483
2013-11-06 14:28:01,2013-11-06 14:46:39,-73.999855,40.743362,-73.97973,40.752937
2013-11-06 02:03:00,2013-11-06 02:08:00,-73.98819,40.744022,-73.99184,40.755573
2013-11-01 10:02:00,2013-11-01 10:17:00,-73.9737,40.752316,-73.97354,40.764763
2013-11-01 12:25:15,2013-11-01 12:42:51,-73.977974,40.75275,-73.99386,40.75023
2013-11-03 04:43:00,2013-11-03 04:51:00,-74.00374,40.738808,-74.01148,40.716526
2013-11-06 14:42:00,2013-11-06 14:47:00,-73.98308,40.757175,-73.98114,40.759678
2013-11-03 14:47:12,2013-11-03 15:01:08,-73.9952,40.749718,-74.0061,40.71926
2013-11-05 09:31:00,2013-11-05 09:33:00,-74.00954,40.712234,-74.005356,40.718296
2013-11-07 13:05:52,2013-11-07 13:28:32,-73.97478,40.75054,-73.988205,40.7508
2013-11-01 21:03:54,2013-11-01 21:13:07,-73.99009,40.742653,-74.00557,40.740112
2013-11-04 22:22:00,2013-11-04 22:27:00,-73.98831,40.738415,-73.990524,40.7467
2013-11-04 19:39:18,2013-11-04 19:50:56,-74.00776,40.743095,-73.992424,40.724007
2013-11-02 21:36:00,2013-11-02 21:41:00,-73.990036,40.739216,-73.99207,40.74399
2013-11-03 21:33:00,2013-11-03 21:38:00,-73.98447,40.760963,-73.97783,40.753586
2013-11-04 18:18:11,2013-11-04 18:33:49,-73.99501,40.72516,-73.99392,40.756912
2013-11-02 11:25:00,2013-11-02 11:37:00,-73.97542,40.75987,-73.984055,40.748814
2013-11-07 12:15:50,2013-11-07 12:36:19,-73.98603,40.74345,-73.97935,40.762318
2013-11-03 13:11:59,2013-11-03 13:25:17,-73.98588,40.722782,-73.99318,40.747356
2013-11-01 21:47:06,2013-11-01 22:10:28,-73.98578,40.719067,-73.99556,40.7391
2013-11-05 20:43:27,2013-11-05 20:52:33,-73.99149,40.75017,-73.97787,40.754303
2013-11-02 23:50:00,2013-11-02 23:58:00,-73.98373,40.743793,-73.99207,40.749367
2013-11-07 07:30:00,2013-11-07 07:31:00,-73.990555,40.761448,-73.989624,40.75705
2013-11-01 05:06:42,2013-11-01 05:11:12,-73.976166,40.751556,-73.97278,40.756107
2013-11-05 13:50:29,2013-11-05 14:00:26,-73.99129,40.7499,-73.99597,40.75991
2013-11-04 08:10:54,2013-11-04 08:37:24,-73.99885,40.734646,-73.97021,40.765015
2013-11-03 19:37:00,2013-11-03 19:44:00,-73.972786,40.753334,-73.99057,40.760857
2013-11-01 13:16:40,2013-11-01 14:51:02,-73.97973,40.75194,-73.99762,40.7565
2013-11-01 10:43:56,2013-11-01 10:52:18,-73.97279,40.744778,-73.97096,40.75337
2013-11-01 17:47:23,2013-11-01 17:57:53,-73.9773,40.749897,-73.98738,40.747402
2013-11-02 23:19:00,2013-11-02 23:27:00,-73.996925,40.731564,-73.97751,40.743717
2013-11-04 13:44:43,2013-11-04 13:53:56,-73.98442,40.732937,-73.999435,40.73868
2013-11-07 16:18:00,2013-11-07 16:19:00,-73.98569,40.741356,-73.98742,40.739
2013-11-05 21:17:03,2013-11-05 21:29:37,-73.9868,40.74,-74.0074,40.707207
2013-11-04 11:05:00,2013-11-04 11:13:00,-73.99215,40.749443,-74.00342,40.74232
2013-11-07 18:56:48,2013-11-07 19:08:01,-73.97289,40.756023,-73.985,40.75136
2013-11-03 11:02:35,2013-11-03 11:04:15,-74.008095,40.73867,-74.009,40.73112
2013-11-05 14:21:39,2013-11-05 14:26:37,-73.976135,40.744545,-73.98746,40.728786
2013-11-01 20:34:00,2013-11-01 20:49:00,-73.97794,40.753185,-73.99186,40.727203
2013-11-01 22:30:12,2013-11-01 22:37:58,-73.98557,40.74646,-73.98729,40.72841
2013-11-03 18:23:44,2013-11-03 18:34:59,-73.98413,40.762253,-73.99617,40.753723
2013-11-05 06:10:00,2013-11-05 06:16:00,-73.990105,40.75669,-73.97726,40.755028
2013-11-07 23:36:59,2013-11-07 23:41:48,-73.99824,40.75748,-73.9839,40.76519
2013-11-04 14:24:21,2013-11-04 14:44:25,-73.991165,40.75117,-73.97933,40.74031
2013-11-02 03:13:38,2013-11-02 03:18:30,-73.98716,40.722363,-73.97683,40.723186
2013-11-04 18:52:05,2013-11-04 18:57:20,-73.992645,40.74833,-74.00596,40.731613
2013-11-07 11:24:00,2013-11-07 11:34:00,-73.994415,40.74584,-74.008095,40.71703
2013-11-05 15:28:37,2013-11-05 15:48:34,-73.99054,40.75652,-74.00745,40.71277
2013-11-02 12:17:56,2013-11-02 12:22:41,-73.990486,40.75682,-73.98716,40.76096
2013-11-02 09:44:00,2013-11-02 09:53:00,-74.00162,40.75652,-73.97888,40.762268
2013-11-03 18:28:56,2013-11-03 18:38:18,-74.00815,40.747528,-73.98924,40.740578
2013-11-06 16:47:13,2013-11-06 16:55:18,-74.01079,40.701927,-73.9759,40.732487
2013-11-05 14:38:01,2013-11-05 14:42:02,-73.98813,40.755417,-73.98151,40.749096
2013-11-01 23:00:00,2013-11-01 23:27:00,-73.984924,40.760452,-74.01596,40.710045
2013-11-04 08:21:38,2013-11-04 08:33:32,-73.99018,40.75672,-73.98795,40.74056
2013-11-03 02:51:56,2013-11-03 03:03:20,-73.98344,40.745064,-74.00551,40.739502
2013-11-04 11:54:29,2013-11-04 11:59:15,-73.97977,40.755684,-73.98066,40.746414
2013-11-01 17:29:17,2013-11-01 17:46:05,-74.00443,40.740578,-73.97594,40.748665
2013-11-07 15:21:55,2013-11-07 15:47:18,-73.97865,40.734203,-73.99139,40.7471
2013-11-06 12:41:00,2013-11-06 12:52:00,-73.975266,40.76115,-73.99143,40.73897
2013-11-03 00:18:46,2013-11-03 00:28:14,-74.00875,40.714638,-73.98833,40.73174
2013-11-02 11:21:00,2013-11-02 11:28:00,-73.982346,40.751766,-73.98465,40.761276
2013-11-07 10:38:00,2013-11-07 10:44:00,-73.987854,40.741642,-73.99015,40.73299
2013-11-01 09:15:39,2013-11-01 09:24:06,-73.990105,40.74069,-74.007095,40.727657
2013-11-02 06:06:00,2013-11-02 06:14:00,-73.998085,40.76329,-73.99208,40.755768
2013-11-01 19:06:11,2013-11-01 19:12:44,-74.00119,40.73097,-73.98534,40.72774
2013-11-06 04:25:47,2013-11-06 04:35:12,-73.99095,40.75074,-73.97446,40.73014
2013-11-01 08:16:34,2013-11-01 08:23:02,-73.97923,40.753704,-73.99382,40.73855
2013-11-05 12:07:38,2013-11-05 12:17:22,-74.008446,40.711403,-74.01454,40.70587
2013-11-03 00:55:31,2013-11-03 01:05:51,-74.004395,40.742317,-73.977776,40.725826
2013-11-01 18:14:00,2013-11-01 18:28:00,-73.98832,40.745964,-73.979485,40.761673
2013-11-02 21:45:00,2013-11-02 21:55:00,-73.98622,40.746525,-73.9867,40.73224
2013-11-04 15:04:00,2013-11-04 15:18:00,-73.975044,40.75157,-73.99581,40.764347
2013-11-02 03:08:00,2013-11-02 03:17:00,-73.99382,40.72104,-73.99028,40.746346
2013-11-06 11:23:05,2013-11-06 11:31:59,-74.00619,40.73516,-73.99186,40.735332
2013-11-01 21:24:33,2013-11-01 21:42:03,-74.002914,40.728592,-73.99509,40.745132
2013-11-01 08:06:00,2013-11-01 08:14:00,-73.99791,40.756145,-73.98634,40.75241
2013-11-05 22:35:35,2013-11-05 22:44:17,-73.98863,40.737217,-73.96998,40.761696
2013-11-04 10:16:31,2013-11-04 10:19:13,-73.993065,40.757595,-73.998825,40.75356
2013-11-06 12:28:00,2013-11-06 12:59:00,-73.97964,40.761,-73.982155,40.76559
2013-11-01 10:44:44,2013-11-01 10:52:16,-74.00665,40.739105,-73.99212,40.7401
2013-11-02 21:00:00,2013-11-02 21:08:00,-73.99075,40.73485,-73.98406,40.731133
2013-11-06 12:17:09,2013-11-06 12:29:05,-73.978806,40.73709,-73.981705,40.732616
2013-11-07 10:24:16,2013-11-07 10:31:29,-73.99139,40.750008,-74.00943,40.728687
2013-11-01 20:47:37,2013-11-01 20:49:19,-74.0015,40.74113,-73.99776,40.74494
2013-11-01 22:11:00,2013-11-01 22:16:00,-73.99676,40.74249,-73.9985,40.734783
2013-11-02 16:21:00,2013-11-02 16:36:00,-74.00626,40.73327,-73.99625,40.764954
2013-11-06 12:58:04,2013-11-06 13:16:53,-73.991615,40.76138,-73.9894,40.7399
2013-11-02 23:34:00,2013-11-02 23:44:00,-74.00819,40.737236,-73.99248,40.734493
2013-11-02 09:34:16,2013-11-02 09:51:17,-73.98862,40.74805,-74.00041,40.75761
2013-11-05 20:27:52,2013-11-05 20:52:28,-73.98015,40.76552,-74.01474,40.71804
2013-11-06 23:04:27,2013-11-06 23:10:37,-73.98437,40.753757,-73.97152,40.752888
2013-11-06 23:10:59,2013-11-06 23:15:58,-74.00946,40.712315,-74.003006,40.734127
2013-11-01 14:49:00,2013-11-01 14:54:00,-73.98263,40.735527,-73.99086,40.74224
2013-11-01 12:10:00,2013-11-01 12:25:00,-73.98469,40.73775,-73.99066,40.74868
2013-11-05 18:08:42,2013-11-05 18:17:11,-74.00273,40.710293,-73.99547,40.717068
2013-11-07 10:21:00,2013-11-07 10:31:00,-74.0084,40.71689,-73.99643,40.729744
2013-11-07 06:24:33,2013-11-07 06:31:08,-74.002335,40.72956,-73.98906,40.7496
2013-11-03 03:01:11,2013-11-03 03:13:21,-73.988434,40.732002,-74.011765,40.701733
2013-11-01 20:53:08,2013-11-01 21:01:36,-74.010124,40.703625,-73.98193,40.727787
2013-11-06 13:00:42,2013-11-06 13:19:13,-73.99375,40.731255,-74.00563,40.74032
2013-11-01 22:32:00,2013-11-01 22:39:00,-73.98677,40.739708,-73.97698,40.75171
2013-11-03 23:44:33,2013-11-03 23:48:57,-73.98384,40.760864,-73.99373,40.74716
2013-11-04 10:21:00,2013-11-04 10:28:00,-73.98954,40.753216,-73.98061,40.75699
2013-11-04 12:31:00,2013-11-04 12:42:00,-73.98931,40.736,-73.99431,40.752514
2013-11-05 15:39:09,2013-11-05 16:02:54,-74.004684,40.74199,-73.978226,40.752895
2013-11-04 20:52:34,2013-11-04 20:59:07,-73.98463,40.75427,-74.00369,40.753345
2013-11-02 15:06:00,2013-11-02 15:10:00,-73.99481,40.74518,-74.002174,40.736343
2013-11-06 01:04:07,2013-11-06 01:13:36,-73.97819,40.75336,-74.004326,40.721138
2013-11-07 08:54:33,2013-11-07 09:14:36,-74.01207,40.713455,-73.974205,40.749588
2013-11-04 06:38:00,2013-11-04 06:40:00,-73.997116,40.741844,-74.00374,40.73814
2013-11-01 16:07:35,2013-11-01 16:28:13,-73.99075,40.731155,-73.984344,40.750618
2013-11-02 15:20:00,2013-11-02 15:38:00,-74.01428,40.703827,-73.98217,40.756935
2013-11-01 15:24:28,2013-11-01 15:38:29,-73.97528,40.74157,-73.97627,40.76533
2013-11-06 09:19:31,2013-11-06 09:22:32,-74.00152,40.746426,-74.00434,40.738728
2013-11-06 19:54:16,2013-11-06 20:07:26,-74.00654,40.742416,-73.99417,40.71076
2013-11-03 02:46:18,2013-11-03 02:55:05,-74.00503,40.740784,-73.98759,40.728794
2013-11-01 22:20:00,2013-11-01 22:29:00,-73.97442,40.754753,-73.99944,40.74243
2013-11-07 15:54:52,2013-11-07 16:18:06,-74.01099,40.71615,-73.99503,40.749302
2013-11-05 19:44:10,2013-11-05 19:53:43,-74.00552,40.726006,-73.989334,40.743725
2013-11-03 22:12:00,2013-11-03 22:20:00,-74.00436,40.74784,-73.97835,40.739246
2013-11-02 01:52:00,2013-11-02 01:59:00,-73.98778,40.743263,-73.97517,40.755802
2013-11-04 12:47:36,2013-11-04 12:55:05,-73.99892,40.759968,-73.98648,40.742958
2013-11-05 14:26:00,2013-11-05 14:34:00,-73.97419,40.747997,-73.99505,40.7344
2013-11-03 08:33:43,2013-11-03 08:41:02,-73.99587,40.764458,-73.99235,40.74106
2013-11-04 14:21:00,2013-11-04 14:26:00,-74.00598,40.745323,-74.00827,40.745472
2013-11-07 14:07:40,2013-11-07 14:31:43,-74.006195,40.734295,-73.995285,40.7648
2013-11-06 07:02:32,2013-11-06 07:10:51,-73.97203,40.746624,-73.97906,40.762157
2013-11-05 20:14:00,2013-11-05 20:34:00,-74.00095,40.72208,-73.978645,40.75055
2013-11-02 04:34:00,2013-11-02 04:46:00,-73.992744,40.723557,-73.98813,40.75963
2013-11-01 12:22:21,2013-11-01 12:33:11,-73.98149,40.74152,-73.98432,40.74872
2013-11-07 09:00:00,2013-11-07 09:24:00,-73.99355,40.736874,-73.98184,40.761116
2013-11-03 10:33:00,2013-11-03 10:38:00,-73.97536,40.75271,-73.987465,40.745556
2013-11-01 18:57:49,2013-11-01 19:07:44,-73.982994,40.738834,-73.998764,40.745388
2013-11-07 10:18:00,2013-11-07 10:25:00,-73.9852,40.764908,-73.97471,40.76135
2013-11-02 17:34:00,2013-11-02 17:44:00,-74.002884,40.731068,-74.001274,40.727516
2013-11-07 14:13:00,2013-11-07 14:46:00,-74.01044,40.71982,-73.9725,40.741478
2013-11-06 15:54:00,2013-11-06 16:04:00,-73.98913,40.748913,-73.99118,40.73271
2013-11-04 09:45:38,2013-11-04 10:03:21,-73.97888,40.762238,-73.98356,40.735947
2013-11-04 01:22:45,2013-11-04 01:26:40,-73.98892,40.718925,-73.99607,40.711533
2013-11-02 18:42:00,2013-11-02 18:46:00,-73.98589,40.740376,-73.99819,40.733837
2013-11-05 05:40:00,2013-11-05 05:43:00,-73.99045,40.756207,-73.97957,40.759666
2013-11-07 08:45:45,2013-11-07 08:51:06,-73.98602,40.746265,-73.993416,40.733173
2013-11-06 18:21:00,2013-11-06 18:32:00,-73.984535,40.759277,-73.99434,40.745895
2013-11-01 12:38:54,2013-11-01 12:52:12,-74.00041,40.73025,-73.9841,40.729256
2013-11-04 15:19:30,2013-11-04 15:38:55,-74.00117,40.736595,-73.987305,40.716087
2013-11-04 09:40:03,2013-11-04 09:52:40,-74.00275,40.76054,-74.005264,40.727436
2013-11-06 21:58:00,2013-11-06 22:14:00,-74.00427,40.742226,-73.98608,40.72271
2013-11-01 00:22:00,2013-11-01 00:37:00,-73.99292,40.737003,-73.982315,40.731403
2013-11-06 18:45:18,2013-11-06 18:51:46,-73.98727,40.752808,-73.975685,40.746452
2013-11-01 22:31:10,2013-11-01 22:44:34,-74.01041,40.704735,-73.98162,40.74116
2013-11-05 10:52:00,2013-11-05 10:59:00,-73.99047,40.73474,-74.00668,40.739433
2013-11-04 12:29:00,2013-11-04 12:36:00,-73.97504,40.755188,-73.98497,40.74187
2013-11-07 19:49:05,2013-11-07 19:57:54,-74.00022,40.732666,-73.99733,40.71932
2013-11-03 08:19:00,2013-11-03 08:28:00,-73.99419,40.7562,-73.98437,40.729595
2013-11-01 02:30:00,2013-11-01 02:44:00,-73.9907,40.7245,-73.989395,40.757744
2013-11-05 15:13:37,2013-11-05 15:40:16,-73.99372,40.741783,-73.990875,40.75169
2013-11-07 11:54:00,2013-11-07 12:05:00,-74.007065,40.741753,-73.99678,40.75522
2013-11-05 18:00:44,2013-11-05 18:33:37,-74.00265,40.719852,-73.97981,40.763626
2013-11-01 20:35:00,2013-11-01 20:51:00,-73.98529,40.736176,-74.00788,40.717304
2013-11-01 07:28:00,2013-11-01 07:44:00,-73.99387,40.75666,-73.98443,40.720383
2013-11-06 08:22:20,2013-11-06 08:27:48,-73.976715,40.764374,-73.975655,40.754845
2013-11-01 22:21:00,2013-11-01 22:28:00,-73.99702,40.737103,-73.98744,40.733006
2013-11-04 12:19:23,2013-11-04 12:31:31,-73.998146,40.75618,-73.99111,40.7393
2013-11-01 19:31:00,2013-11-01 19:37:00,-73.99958,40.718517,-74.01021,40.71382
2013-11-01 10:26:29,2013-11-01 10:39:35,-73.99945,40.72506,-73.98331,40.744747
2013-11-07 15:39:00,2013-11-07 15:47:00,-73.97415,40.74708,-73.98398,40.74332
2013-11-01 13:25:59,2013-11-01 13:36:50,-73.97428,40.76377,-73.98397,40.74864
2013-11-07 16:20:00,2013-11-07 16:46:00,-73.983795,40.759823,-74.01422,40.70956
2013-11-07 13:47:00,2013-11-07 13:50:00,-73.99316,40.757412,-74.00199,40.75148
2013-11-06 10:25:17,2013-11-06 10:36:42,-73.972534,40.756413,-74.012024,40.70162
2013-11-02 19:14:00,2013-11-02 19:25:00,-73.97631,40.760017,-73.9758,40.7287
2013-11-03 01:12:00,2013-11-03 01:16:00,-73.98566,40.74697,-73.980064,40.74168
2013-11-03 14:50:00,2013-11-03 15:01:00,-73.99352,40.72735,-73.97781,40.75784
2013-11-06 21:57:05,2013-11-06 22:07:29,-73.99817,40.7178,-73.97693,40.72557
2013-11-03 00:32:00,2013-11-03 00:46:00,-74.00379,40.717567,-73.972786,40.763676
2013-11-04 17:58:12,2013-11-04 18:14:01,-73.99233,40.753174,-74.01107,40.718964
2013-11-03 16:30:32,2013-11-03 16:42:27,-74.00666,40.74425,-73.98562,40.72762
2013-11-07 11:26:23,2013-11-07 11:51:42,-73.969894,40.763046,-74.01048,40.71888
2013-11-02 14:19:00,2013-11-02 14:43:00,-73.9877,40.764946,-73.992775,40.730206
2013-11-07 16:03:32,2013-11-07 16:29:49,-74.00708,40.743454,-73.97889,40.736275
2013-11-03 20:50:00,2013-11-03 21:01:00,-73.98829,40.76451,-74.00477,40.746956
2013-11-01 02:11:14,2013-11-01 02:24:15,-74.00262,40.749863,-73.982285,40.73185
2013-11-04 08:23:00,2013-11-04 08:32:00,-73.994995,40.73382,-74.01164,40.72049
2013-11-04 10:14:18,2013-11-04 10:35:16,-73.98515,40.727673,-73.98881,40.747887
2013-11-02 11:31:21,2013-11-02 11:39:26,-73.976204,40.750298,-73.98262,40.74245
2013-11-04 15:56:14,2013-11-04 16:06:06,-74.00702,40.70613,-73.99321,40.71384
2013-11-03 23:59:00,2013-11-04 00:06:00,-73.98686,40.721046,-74.00425,40.730427
2013-11-04 07:02:26,2013-11-04 07:14:19,-73.98763,40.750736,-73.98378,40.740814
2013-11-03 00:36:25,2013-11-03 00:39:16,-73.98176,40.743702,-73.98661,40.737804
2013-11-05 12:15:00,2013-11-05 12:38:00,-73.986626,40.74269,-73.981575,40.76312
2013-11-07 23:10:00,2013-11-07 23:16:00,-73.9816,40.746906,-74.00334,40.74029
2013-11-01 12:56:00,2013-11-01 13:15:00,-73.97146,40.76395,-74.00377,40.75324
2013-11-06 04:03:04,2013-11-06 04:10:28,-73.98887,40.727127,-73.99134,40.743233
2013-11-01 23:10:32,2013-11-01 23:24:48,-73.987366,40.720406,-74.00453,40.740547
2013-11-05 20:35:00,2013-11-05 20:40:00,-73.98045,40.760662,-73.97727,40.753666
2013-11-07 13:56:00,2013-11-07 14:08:00,-73.98204,40.752354,-73.97199,40.75221
2013-11-04 09:45:59,2013-11-04 09:55:59,-73.982796,40.738934,-73.99673,40.731976
2013-11-06 09:41:00,2013-11-06 10:05:00,-74.00607,40.75127,-73.989044,40.75735
2013-11-03 00:12:00,2013-11-03 00:21:00,-73.98819,40.74768,-74.00142,40.736107
2013-11-03 23:49:17,2013-11-04 00:01:08,-74.0134,40.715076,-73.98238,40.728043
2013-11-04 06:48:34,2013-11-04 06:52:03,-73.9917,40.749706,-73.98144,40.752056
2013-11-07 01:03:00,2013-11-07 01:13:00,-73.98655,40.741302,-74.01016,40.719902
2013-11-05 18:55:40,2013-11-05 19:10:50,-73.989174,40.76359,-74.000694,40.731625
2013-11-02 01:42:00,2013-11-02 01:53:00,-73.97283,40.75258,-73.99358,40.721684
2013-11-04 07:52:12,2013-11-04 07:59:53,-73.97927,40.746838,-73.99674,40.722946
2013-11-01 22:08:55,2013-11-01 22:14:54,-73.988075,40.743263,-73.978485,40.74925
2013-11-05 08:32:00,2013-11-05 08:50:00,-73.97559,40.751728,-74.00664,40.705753
2013-11-07 10:40:00,2013-11-07 10:46:00,-73.98924,40.741615,-74.00345,40.74915
2013-11-05 15:58:53,2013-11-05 16:21:26,-73.989876,40.739113,-73.97895,40.759132
2013-11-03 16:15:53,2013-11-03 16:19:00,-73.98976,40.72959,-73.99826,40.72956
2013-11-01 09:18:30,2013-11-01 09:29:47,-73.98377,40.74154,-73.969696,40.75343
2013-11-02 22:08:00,2013-11-02 22:16:00,-73.97963,40.73977,-73.99255,40.724617
2013-11-01 01:01:19,2013-11-01 01:07:20,-73.99595,40.732872,-74.00369,40.722492
2013-11-05 18:48:00,2013-11-05 19:01:00,-73.99099,40.72771,-73.985344,40.7464
2013-11-06 19:31:00,2013-11-06 19:38:00,-74.009094,40.71476,-74.01675,40.70898
2013-11-03 01:51:00,2013-11-03 01:58:00,-73.98436,40.747158,-74.00681,40.730732
2013-11-06 11:32:00,2013-11-06 12:04:00,-73.973694,40.760735,-73.99945,40.713814
2013-11-01 18:41:00,2013-11-01 18:52:00,-73.99188,40.73172,-73.99346,40.721252
2013-11-06 16:50:00,2013-11-06 17:14:00,-73.99059,40.70032,-73.9832,40.75615
2013-11-03 14:09:20,2013-11-03 14:14:15,-73.982925,40.750904,-73.98109,40.745003
2013-11-05 01:48:09,2013-11-05 01:54:29,-73.99036,40.714146,-73.98032,40.72483
2013-11-01 01:54:54,2013-11-01 01:59:48,-73.979065,40.74031,-73.987595,40.728848
2013-11-05 08:04:14,2013-11-05 08:12:51,-73.984535,40.74589,-73.971016,40.763496
2013-11-02 22:04:00,2013-11-02 22:06:00,-73.9845,40.73709,-73.98499,40.73958
2013-11-02 22:21:00,2013-11-02 22:31:00,-73.97112,40.755054,-73.98648,40.75203
2013-11-01 05:56:37,2013-11-01 06:02:03,-73.98251,40.738525,-73.990814,40.718815
2013-11-02 15:10:47,2013-11-02 15:17:22,-73.98665,40.755356,-73.97666,40.765793
2013-11-07 10:12:00,2013-11-07 10:24:00,-73.98807,40.738007,-74.00582,40.74541
2013-11-01 08:16:00,2013-11-01 08:26:00,-73.995094,40.734093,-74.00844,40.733425
2013-11-02 12:58:00,2013-11-02 13:01:00,-73.998886,40.73228,-73.997055,40.737045
2013-11-06 10:05:00,2013-11-06 10:22:00,-73.98814,40.754726,-73.99719,40.722965
2013-11-06 11:22:00,2013-11-06 11:42:00,-73.98348,40.75027,-74.016396,40.704754
2013-11-06 14:25:35,2013-11-06 14:52:31,-73.99001,40.75676,-73.98961,40.712826
2013-11-02 15:19:03,2013-11-02 15:22:03,-74.00197,40.730312,-73.99526,40.739307
2013-11-05 19:46:41,2013-11-05 19:51:41,-73.99207,40.74918,-73.98424,40.75421
2013-11-03 01:31:50,2013-11-03 01:44:15,-73.97752,40.754086,-74.005226,40.723785
2013-11-01 00:49:29,2013-11-01 01:11:22,-73.99426,40.75621,-73.9887,40.71917
2013-11-01 16:55:00,2013-11-01 17:05:00,-73.97749,40.759506,-73.97556,40.7641
2013-11-04 18:36:01,2013-11-04 18:55:41,-73.98064,40.753933,-74.004166,40.742508
2013-11-01 18:51:00,2013-11-01 19:00:00,-73.9852,40.727634,-73.97815,40.741673
2013-11-06 00:25:00,2013-11-06 00:29:00,-73.99183,40.74337,-73.99968,40.744156
2013-11-01 00:06:26,2013-11-01 00:30:33,-73.9978,40.718147,-73.97948,40.76014
2013-11-04 22:26:37,2013-11-04 22:36:07,-74.00703,40.73571,-73.98969,40.744015
2013-11-07 23:13:00,2013-11-07 23:27:00,-74.00529,40.74032,-73.97691,40.748466
2013-11-04 17:20:03,2013-11-04 17:41:13,-74.00611,40.712135,-73.99161,40.749912
2013-11-07 22:35:00,2013-11-07 22:42:00,-73.97117,40.761574,-73.98314,40.74468
2013-11-03 09:10:18,2013-11-03 09:13:00,-73.991585,40.744595,-73.9917,40.749706
2013-11-05 05:53:11,2013-11-05 06:00:24,-74.008675,40.73873,-73.98418,40.75485
2013-11-02 12:42:00,2013-11-02 12:56:00,-73.98759,40.741474,-73.995705,40.759396
2013-11-03 04:02:00,2013-11-03 04:05:00,-73.990616,40.75577,-73.9925,40.748283
2013-11-07 14:27:00,2013-11-07 14:51:00,-74.00533,40.7285,-73.974396,40.736706
2013-11-04 20:18:00,2013-11-04 20:23:00,-74.006676,40.73168,-74.00361,40.72901
2013-11-05 22:18:00,2013-11-05 22:25:00,-73.98632,40.74748,-73.97482,40.74196
2013-11-01 14:49:21,2013-11-01 15:05:24,-74.01575,40.71053,-74.00029,40.734604
2013-11-04 08:37:53,2013-11-04 08:43:26,-73.978264,40.75202,-73.983345,40.750084
2013-11-03 01:25:00,2013-11-03 01:33:00,-73.980415,40.73049,-73.994514,40.720455
2013-11-05 15:32:41,2013-11-05 15:47:21,-73.98516,40.764713,-73.97616,40.757973
2013-11-05 06:57:00,2013-11-05 07:05:00,-73.99051,40.74619,-73.98088,40.75918
2013-11-04 17:28:57,2013-11-04 17:35:12,-73.996254,40.738075,-73.98152,40.74093
2013-11-02 12:31:23,2013-11-02 12:40:41,-74.01657,40.70821,-74.00722,40.741383
2013-11-06 17:06:14,2013-11-06 17:10:46,-74.00319,40.727406,-73.99235,40.73522
2013-11-05 18:40:00,2013-11-05 18:59:00,-74.008705,40.70413,-73.990295,40.756737
2013-11-01 08:38:00,2013-11-01 09:05:00,-73.999985,40.76156,-73.97994,40.73748
2013-11-07 00:31:00,2013-11-07 00:36:00,-73.99634,40.74934,-74.00551,40.73586
2013-11-06 14:08:00,2013-11-06 14:30:00,-74.00095,40.741997,-73.980286,40.751358
2013-11-02 00:36:00,2013-11-02 00:39:00,-73.99115,40.72761,-73.98286,40.726868
2013-11-03 04:44:00,2013-11-03 04:54:00,-73.984505,40.74519,-74.002785,40.73431
2013-11-07 13:54:23,2013-11-07 14:01:47,-74.01637,40.704987,-74.00997,40.734417
2013-11-01 00:35:53,2013-11-01 00:38:13,-74.00247,40.750126,-73.994026,40.76149
2013-11-06 17:05:49,2013-11-06 17:19:52,-73.99351,40.741497,-73.9832,40.7418
2013-11-01 23:39:16,2013-11-01 23:46:06,-73.98909,40.72142,-73.972244,40.747387
2013-11-02 00:56:15,2013-11-02 01:15:05,-73.984726,40.727314,-73.99578,40.759083
2013-11-01 22:46:01,2013-11-01 22:52:27,-73.98934,40.74401,-73.980225,40.750946
2013-11-06 17:48:51,2013-11-06 17:58:49,-73.9935,40.762024,-74.001785,40.748398
2013-11-04 14:17:52,2013-11-04 14:25:26,-73.97303,40.76467,-73.98044,40.750378
2013-11-03 00:05:37,2013-11-03 00:13:37,-73.97805,40.73358,-73.986176,40.746662
2013-11-07 18:43:00,2013-11-07 18:58:00,-73.98053,40.75387,-73.98271,40.723072
2013-11-06 15:13:00,2013-11-06 15:18:00,-73.98032,40.74271,-73.973755,40.751934
2013-11-04 09:44:46,2013-11-04 09:59:36,-74.00389,40.708057,-73.99849,40.719975
2013-11-02 00:18:51,2013-11-02 00:34:19,-73.97786,40.742107,-73.99206,40.71776
2013-11-04 09:20:00,2013-11-04 09:31:53,-73.978905,40.747433,-73.986496,40.753563
2013-11-02 00:53:00,2013-11-02 00:59:00,-73.990875,40.723763,-73.979225,40.737186
2013-11-07 22:42:00,2013-11-07 22:44:00,-74.006,40.73554,-74.0011,40.743214
2013-11-05 11:07:00,2013-11-05 11:10:00,-73.99782,40.725937,-74.003,40.723373
2013-11-02 11:38:00,2013-11-02 11:46:00,-73.99085,40.741318,-73.98516,40.747578
2013-11-04 15:19:00,2013-11-04 15:23:00,-73.988945,40.75699,-73.995605,40.763866
2013-11-03 16:16:06,2013-11-03 16:27:12,-74.0146,40.70984,-73.97553,40.75158
2013-11-07 06:57:52,2013-11-07 07:13:05,-74.00914,40.717896,-73.981865,40.76028
2013-11-02 18:52:02,2013-11-02 19:07:28,-73.99286,40.725098,-73.9844,40.754463
2013-11-07 21:40:00,2013-11-07 21:44:00,-73.99012,40.746693,-73.97844,40.75355
2013-11-01 23:05:00,2013-11-01 23:12:00,-73.99687,40.742577,-74.00873,40.716206
2013-11-05 19:43:00,2013-11-05 19:49:00,-73.98574,40.74368,-73.99737,40.746475
2013-11-03 17:56:00,2013-11-03 18:02:00,-73.99562,40.73858,-74.0056,40.72587
2013-11-01 21:31:29,2013-11-01 21:43:22,-74.014595,40.70961,-73.98778,40.741035
2013-11-01 22:02:35,2013-11-01 22:08:10,-73.98772,40.76024,-73.97517,40.75349
2013-11-07 17:27:02,2013-11-07 17:46:46,-73.9871,40.75579,-74.01125,40.708282
2013-11-02 09:32:52,2013-11-02 09:49:15,-73.9943,40.751072,-73.998024,40.740974
2013-11-06 10:59:29,2013-11-06 11:10:19,-73.985,40.72416,-73.99759,40.724464
2013-11-04 10:13:04,2013-11-04 10:33:09,-74.00273,40.747963,-73.98452,40.75269
2013-11-03 09:34:00,2013-11-03 09:46:00,-74.009735,40.70579,-73.99593,40.721703
2013-11-01 23:39:30,2013-11-01 23:56:36,-74.00465,40.721573,-73.978676,40.747807
2013-11-02 11:15:00,2013-11-02 11:21:00,-73.98036,40.745804,-73.99288,40.73035
2013-11-07 22:33:06,2013-11-07 22:39:02,-73.99491,40.745415,-73.997574,40.753967
2013-11-02 00:20:53,2013-11-02 00:35:52,-74.01065,40.709534,-73.994606,40.750534
2013-11-06 18:12:00,2013-11-06 18:22:00,-73.975395,40.749447,-73.976875,40.734962
2013-11-02 17:05:00,2013-11-02 17:17:00,-73.99157,40.73093,-73.973564,40.755894
2013-11-06 15:50:48,2013-11-06 16:05:40,-73.99459,40.740185,-73.97329,40.74385
2013-11-04 05:03:29,2013-11-04 05:10:19,-73.99804,40.745796,-73.977776,40.75211
2013-11-02 12:57:00,2013-11-02 13:15:00,-73.9923,40.750687,-74.0128,40.70418
2013-11-06 21:27:00,2013-11-06 21:40:00,-74.00885,40.711166,-73.98916,40.755898
2013-11-06 18:16:44,2013-11-06 18:29:37,-73.979935,40.74592,-73.97103,40.764877
2013-11-02 06:10:03,2013-11-02 06:17:50,-74.009125,40.71059,-73.98995,40.74985
2013-11-07 00:12:47,2013-11-07 00:18:24,-73.98327,40.75049,-73.9901,40.761604
2013-11-04 12:04:03,2013-11-04 12:10:27,-73.982376,40.75719,-73.97597,40.760708
2013-11-06 20:05:00,2013-11-06 20:17:00,-73.96975,40.75725,-73.98622,40.743378
2013-11-05 09:18:59,2013-11-05 09:21:44,-73.99786,40.76123,-74.0055,40.750862
2013-11-04 00:21:00,2013-11-04 00:42:00,-74.00794,40.741158,-73.9723,40.75609
2013-11-05 11:50:00,2013-11-05 11:59:00,-73.98876,40.736782,-73.976906,40.75232
2013-11-05 09:54:00,2013-11-05 10:07:00,-73.991875,40.754936,-74.00224,40.740093
2013-11-02 20:38:00,2013-11-02 20:40:00,-73.99354,40.757248,-73.99804,40.756657
2013-11-05 08:54:42,2013-11-05 09:01:13,-73.97466,40.755962,-73.972275,40.76236
2013-11-06 17:02:00,2013-11-06 17:29:00,-73.99455,40.719585,-74.013245,40.70418
2013-11-02 19:57:00,2013-11-02 20:08:00,-73.98642,40.734215,-74.00405,40.72393
2013-11-05 10:23:00,2013-11-05 10:31:00,-73.975365,40.752254,-73.991066,40.72833
2013-11-05 08:54:39,2013-11-05 09:05:51,-73.97562,40.75204,-73.98967,40.74683
2013-11-03 13:09:00,2013-11-03 13:20:00,-73.99149,40.765293,-74.00336,40.727726
